Material_ID,Category,Sub_Category,Brand,Product_Name,Image_URL,Product_Page_URL,Specification,Grade,Size,Thickness,Colour,Unit,Pack_Size,Price_INR,Min_Price_INR,Max_Price_INR,GST_Status,Quality_Rating,Durability_Rating,Application,Advantages,Disadvantages,Availability,Supplier_Location,Price_Type,Data_Status,Updated_Date
MAT0001,Cement,OPC 43,UltraTech,UltraTech OPC 43 Standard,https://images.unsplash.com/photo-1541888946425-d81bb19240f5?auto=format&fit=crop&w=900&q=80,https://www.ultratechcement.com/,IS 269,IS 269,Standard,,Brown,Bag,50 kg,436.73,393.06,502.24,Verify current GST,3,4,"RCC, masonry, plastering",Suitable for standard construction applications,"Verify grade, compatibility and supplier quality before purchase",Check local supplier,India,Indicative demo/reference price,Synthetic catalog row for prototype,2026-09-16
MAT0002,Cement,OPC 53,ACC,ACC OPC 53 Standard,https://images.unsplash.com/photo-1541888946425-d81bb19240f5?auto=format&fit=crop&w=900&q=80,https://www.acclimited.com/,IS 1489,IS 1489,Standard,,Silver,Bag,50 kg,386.79,348.11,444.81,Verify current GST,3,3,"RCC, masonry, plastering",Suitable for standard construction applications,"Verify grade, compatibility and supplier quality before purchase",Check local supplier,India,Indicative demo/reference price,Synthetic catalog row for prototype,2026-09-16
MAT0003,Cement,PPC,Ambuja Cements,Ambuja Cements PPC Standard,https://images.unsplash.com/photo-1541888946425-d81bb19240f5?auto=format&fit=crop&w=900&q=80,https://www.ambujacement.com/,IS 455,IS 455,Standard,,Brown,Bag,50 kg,363.81,327.43,418.38,Verify current GST,3,4,"RCC, masonry, plastering",Suitable for standard construction applications,"Verify grade, compatibility and supplier quality before purchase",Check local supplier,India,Indicative demo/reference price,Synthetic catalog row for prototype,2026-09-16
MAT0004,Cement,PSC,Dalmia Bharat,Dalmia Bharat PSC Standard,https://images.unsplash.com/photo-1541888946425-d81bb19240f5?auto=format&fit=crop&w=900&q=80,https://www.dalmiacement.com/,IS 1489,IS 1489,Standard,,Silver,Bag,50 kg,420.64,378.58,483.74,Verify current GST,3,4,"RCC, masonry, plastering",Suitable for standard construction applications,"Verify grade, compatibility and supplier quality before purchase",Check local supplier,India,Indicative demo/reference price,Synthetic catalog row for prototype,2026-09-16
MAT0005,Cement,Composite Cement,UltraTech,UltraTech Composite Cement Standard,https://images.unsplash.com/photo-1541888946425-d81bb19240f5?auto=format&fit=crop&w=900&q=80,https://www.ultratechcement.com/,IS 269,IS 269,Standard,,Beige,Bag,50 kg,386.45,347.81,444.42,Verify current GST,4,3,"RCC, masonry, plastering",Suitable for standard construction applications,"Verify grade, compatibility and supplier quality before purchase",Check local supplier,India,Indicative demo/reference price,Synthetic catalog row for prototype,2026-09-16
MAT0006,Cement,OPC 43,ACC,ACC OPC 43 Standard,https://images.unsplash.com/photo-1541888946425-d81bb19240f5?auto=format&fit=crop&w=900&q=80,https://www.acclimited.com/,IS 1489,IS 1489,Standard,,Beige,Bag,50 kg,443.78,399.4,510.35,Verify current GST,4,4,"RCC, masonry, plastering",Suitable for standard construction applications,"Verify grade, compatibility and supplier quality before purchase",Check local supplier,India,Indicative demo/reference price,Synthetic catalog row for prototype,2026-09-16
MAT0007,Cement,OPC 53,Ambuja Cements,Ambuja Cements OPC 53 Standard,https://images.unsplash.com/photo-1541888946425-d81bb19240f5?auto=format&fit=crop&w=900&q=80,https://www.ambujacement.com/,IS 455,IS 455,Standard,,White,Bag,50 kg,385.84,347.26,443.72,Verify current GST,4,3,"RCC, masonry, plastering",Suitable for standard construction applications,"Verify grade, compatibility and supplier quality before purchase",Check local supplier,India,Indicative demo/reference price,Synthetic catalog row for prototype,2026-09-16
MAT0008,Cement,PPC,Dalmia Bharat,Dalmia Bharat PPC Standard,https://images.unsplash.com/photo-1541888946425-d81bb19240f5?auto=format&fit=crop&w=900&q=80,https://www.dalmiacement.com/,IS 1489,IS 1489,Standard,,Black,Bag,50 kg,405.59,365.03,466.43,Verify current GST,4,4,"RCC, masonry, plastering",Suitable for standard construction applications,"Verify grade, compatibility and supplier quality before purchase",Check local supplier,India,Indicative demo/reference price,Synthetic catalog row for prototype,2026-09-16
MAT0009,Cement,PSC,UltraTech,UltraTech PSC Standard,https://images.unsplash.com/photo-1541888946425-d81bb19240f5?auto=format&fit=crop&w=900&q=80,https://www.ultratechcement.com/,IS 269,IS 269,Standard,,Silver,Bag,50 kg,456.86,411.17,525.39,Verify current GST,5,3,"RCC, masonry, plastering",Suitable for standard construction applications,"Verify grade, compatibility and supplier quality before purchase",Check local supplier,India,Indicative demo/reference price,Synthetic catalog row for prototype,2026-09-16
MAT0010,Cement,Composite Cement,ACC,ACC Composite Cement Standard,https://images.unsplash.com/photo-1541888946425-d81bb19240f5?auto=format&fit=crop&w=900&q=80,https://www.acclimited.com/,IS 1489,IS 1489,Standard,,Brown,Bag,50 kg,369.46,332.51,424.88,Verify current GST,4,4,"RCC, masonry, plastering",Suitable for standard construction applications,"Verify grade, compatibility and supplier quality before purchase",Check local supplier,India,Indicative demo/reference price,Synthetic catalog row for prototype,2026-09-16
MAT0011,Cement,OPC 43,Ambuja Cements,Ambuja Cements OPC 43 Standard,https://images.unsplash.com/photo-1541888946425-d81bb19240f5?auto=format&fit=crop&w=900&q=80,https://www.ambujacement.com/,IS 455,IS 455,Standard,,Black,Bag,50 kg,444.55,400.1,511.23,Verify current GST,3,4,"RCC, masonry, plastering",Suitable for standard construction applications,"Verify grade, compatibility and supplier quality before purchase",Check local supplier,India,Indicative demo/reference price,Synthetic catalog row for prototype,2026-09-16
MAT0012,Cement,OPC 53,Dalmia Bharat,Dalmia Bharat OPC 53 Standard,https://images.unsplash.com/photo-1541888946425-d81bb19240f5?auto=format&fit=crop&w=900&q=80,https://www.dalmiacement.com/,IS 1489,IS 1489,Standard,,Silver,Bag,50 kg,478.23,430.41,549.96,Verify current GST,4,3,"RCC, masonry, plastering",Suitable for standard construction applications,"Verify grade, compatibility and supplier quality before purchase",Check local supplier,India,Indicative demo/reference price,Synthetic catalog row for prototype,2026-09-16
MAT0013,Cement,PPC,UltraTech,UltraTech PPC Standard,https://images.unsplash.com/photo-1541888946425-d81bb19240f5?auto=format&fit=crop&w=900&q=80,https://www.ultratechcement.com/,IS 269,IS 269,Standard,,Natural,Bag,50 kg,393.36,354.02,452.36,Verify current GST,4,4,"RCC, masonry, plastering",Suitable for standard construction applications,"Verify grade, compatibility and supplier quality before purchase",Check local supplier,India,Indicative demo/reference price,Synthetic catalog row for prototype,2026-09-16
MAT0014,Cement,PSC,ACC,ACC PSC Standard,https://images.unsplash.com/photo-1541888946425-d81bb19240f5?auto=format&fit=crop&w=900&q=80,https://www.acclimited.com/,IS 1489,IS 1489,Standard,,Beige,Bag,50 kg,402.63,362.37,463.02,Verify current GST,4,3,"RCC, masonry, plastering",Suitable for standard construction applications,"Verify grade, compatibility and supplier quality before purchase",Check local supplier,India,Indicative demo/reference price,Synthetic catalog row for prototype,2026-09-16
MAT0015,Cement,Composite Cement,Ambuja Cements,Ambuja Cements Composite Cement Standard,https://images.unsplash.com/photo-1541888946425-d81bb19240f5?auto=format&fit=crop&w=900&q=80,https://www.ambujacement.com/,IS 455,IS 455,Standard,,Multiple,Bag,50 kg,424.1,381.69,487.71,Verify current GST,4,4,"RCC, masonry, plastering",Suitable for standard construction applications,"Verify grade, compatibility and supplier quality before purchase",Check local supplier,India,Indicative demo/reference price,Synthetic catalog row for prototype,2026-09-16
MAT0016,Cement,OPC 43,Dalmia Bharat,Dalmia Bharat OPC 43 Standard,https://images.unsplash.com/photo-1541888946425-d81bb19240f5?auto=format&fit=crop&w=900&q=80,https://www.dalmiacement.com/,IS 1489,IS 1489,Standard,,Grey,Bag,50 kg,405.53,364.98,466.36,Verify current GST,4,4,"RCC, masonry, plastering",Suitable for standard construction applications,"Verify grade, compatibility and supplier quality before purchase",Check local supplier,India,Indicative demo/reference price,Synthetic catalog row for prototype,2026-09-16
MAT0017,Cement,OPC 53,UltraTech,UltraTech OPC 53 Standard,https://images.unsplash.com/photo-1541888946425-d81bb19240f5?auto=format&fit=crop&w=900&q=80,https://www.ultratechcement.com/,IS 269,IS 269,Standard,,Silver,Bag,50 kg,387.49,348.74,445.61,Verify current GST,3,4,"RCC, masonry, plastering",Suitable for standard construction applications,"Verify grade, compatibility and supplier quality before purchase",Check local supplier,India,Indicative demo/reference price,Synthetic catalog row for prototype,2026-09-16
MAT0018,Cement,PPC,ACC,ACC PPC Standard,https://images.unsplash.com/photo-1541888946425-d81bb19240f5?auto=format&fit=crop&w=900&q=80,https://www.acclimited.com/,IS 1489,IS 1489,Standard,,Brown,Bag,50 kg,392.13,352.92,450.95,Verify current GST,4,4,"RCC, masonry, plastering",Suitable for standard construction applications,"Verify grade, compatibility and supplier quality before purchase",Check local supplier,India,Indicative demo/reference price,Synthetic catalog row for prototype,2026-09-16
MAT0019,Cement,PSC,Ambuja Cements,Ambuja Cements PSC Standard,https://images.unsplash.com/photo-1541888946425-d81bb19240f5?auto=format&fit=crop&w=900&q=80,https://www.ambujacement.com/,IS 455,IS 455,Standard,,Beige,Bag,50 kg,438.65,394.78,504.45,Verify current GST,5,5,"RCC, masonry, plastering",Suitable for standard construction applications,"Verify grade, compatibility and supplier quality before purchase",Check local supplier,India,Indicative demo/reference price,Synthetic catalog row for prototype,2026-09-16
MAT0020,Cement,Composite Cement,Dalmia Bharat,Dalmia Bharat Composite Cement Standard,https://images.unsplash.com/photo-1541888946425-d81bb19240f5?auto=format&fit=crop&w=900&q=80,https://www.dalmiacement.com/,IS 1489,IS 1489,Standard,,Silver,Bag,50 kg,391.79,352.61,450.56,Verify current GST,4,4,"RCC, masonry, plastering",Suitable for standard construction applications,"Verify grade, compatibility and supplier quality before purchase",Check local supplier,India,Indicative demo/reference price,Synthetic catalog row for prototype,2026-09-16
MAT0021,Cement,OPC 43,UltraTech,UltraTech OPC 43 Standard,https://images.unsplash.com/photo-1541888946425-d81bb19240f5?auto=format&fit=crop&w=900&q=80,https://www.ultratechcement.com/,IS 269,IS 269,Standard,,Brown,Bag,50 kg,467.74,420.97,537.9,Verify current GST,5,4,"RCC, masonry, plastering",Suitable for standard construction applications,"Verify grade, compatibility and supplier quality before purchase",Check local supplier,India,Indicative demo/reference price,Synthetic catalog row for prototype,2026-09-16
MAT0022,Cement,OPC 53,ACC,ACC OPC 53 Standard,https://images.unsplash.com/photo-1541888946425-d81bb19240f5?auto=format&fit=crop&w=900&q=80,https://www.acclimited.com/,IS 1489,IS 1489,Standard,,White,Bag,50 kg,479.68,431.71,551.63,Verify current GST,4,5,"RCC, masonry, plastering",Suitable for standard construction applications,"Verify grade, compatibility and supplier quality before purchase",Check local supplier,India,Indicative demo/reference price,Synthetic catalog row for prototype,2026-09-16
MAT0023,Cement,PPC,Ambuja Cements,Ambuja Cements PPC Standard,https://images.unsplash.com/photo-1541888946425-d81bb19240f5?auto=format&fit=crop&w=900&q=80,https://www.ambujacement.com/,IS 455,IS 455,Standard,,Beige,Bag,50 kg,450.69,405.62,518.29,Verify current GST,3,4,"RCC, masonry, plastering",Suitable for standard construction applications,"Verify grade, compatibility and supplier quality before purchase",Check local supplier,India,Indicative demo/reference price,Synthetic catalog row for prototype,2026-09-16
MAT0024,Cement,PSC,Dalmia Bharat,Dalmia Bharat PSC Standard,https://images.unsplash.com/photo-1541888946425-d81bb19240f5?auto=format&fit=crop&w=900&q=80,https://www.dalmiacement.com/,IS 1489,IS 1489,Standard,,Silver,Bag,50 kg,455.05,409.55,523.31,Verify current GST,5,3,"RCC, masonry, plastering",Suitable for standard construction applications,"Verify grade, compatibility and supplier quality before purchase",Check local supplier,India,Indicative demo/reference price,Synthetic catalog row for prototype,2026-09-16
MAT0025,Cement,Composite Cement,UltraTech,UltraTech Composite Cement Standard,https://images.unsplash.com/photo-1541888946425-d81bb19240f5?auto=format&fit=crop&w=900&q=80,https://www.ultratechcement.com/,IS 269,IS 269,Standard,,Grey,Bag,50 kg,405.79,365.21,466.66,Verify current GST,5,4,"RCC, masonry, plastering",Suitable for standard construction applications,"Verify grade, compatibility and supplier quality before purchase",Check local supplier,India,Indicative demo/reference price,Synthetic catalog row for prototype,2026-09-16
MAT0026,Cement,OPC 43,ACC,ACC OPC 43 Standard,https://images.unsplash.com/photo-1541888946425-d81bb19240f5?auto=format&fit=crop&w=900&q=80,https://www.acclimited.com/,IS 1489,IS 1489,Standard,,Natural,Bag,50 kg,441.63,397.47,507.87,Verify current GST,3,4,"RCC, masonry, plastering",Suitable for standard construction applications,"Verify grade, compatibility and supplier quality before purchase",Check local supplier,India,Indicative demo/reference price,Synthetic catalog row for prototype,2026-09-16
MAT0027,Cement,OPC 53,Ambuja Cements,Ambuja Cements OPC 53 Standard,https://images.unsplash.com/photo-1541888946425-d81bb19240f5?auto=format&fit=crop&w=900&q=80,https://www.ambujacement.com/,IS 455,IS 455,Standard,,Multiple,Bag,50 kg,373.39,336.05,429.4,Verify current GST,5,4,"RCC, masonry, plastering",Suitable for standard construction applications,"Verify grade, compatibility and supplier quality before purchase",Check local supplier,India,Indicative demo/reference price,Synthetic catalog row for prototype,2026-09-16
MAT0028,Cement,PPC,Dalmia Bharat,Dalmia Bharat PPC Standard,https://images.unsplash.com/photo-1541888946425-d81bb19240f5?auto=format&fit=crop&w=900&q=80,https://www.dalmiacement.com/,IS 1489,IS 1489,Standard,,White,Bag,50 kg,360.39,324.35,414.45,Verify current GST,4,4,"RCC, masonry, plastering",Suitable for standard construction applications,"Verify grade, compatibility and supplier quality before purchase",Check local supplier,India,Indicative demo/reference price,Synthetic catalog row for prototype,2026-09-16
MAT0029,Cement,PSC,UltraTech,UltraTech PSC Standard,https://images.unsplash.com/photo-1541888946425-d81bb19240f5?auto=format&fit=crop&w=900&q=80,https://www.ultratechcement.com/,IS 269,IS 269,Standard,,Beige,Bag,50 kg,464.46,418.01,534.13,Verify current GST,4,4,"RCC, masonry, plastering",Suitable for standard construction applications,"Verify grade, compatibility and supplier quality before purchase",Check local supplier,India,Indicative demo/reference price,Synthetic catalog row for prototype,2026-09-16
MAT0030,Cement,Composite Cement,ACC,ACC Composite Cement Standard,https://images.unsplash.com/photo-1541888946425-d81bb19240f5?auto=format&fit=crop&w=900&q=80,https://www.acclimited.com/,IS 1489,IS 1489,Standard,,Natural,Bag,50 kg,404.87,364.38,465.6,Verify current GST,4,3,"RCC, masonry, plastering",Suitable for standard construction applications,"Verify grade, compatibility and supplier quality before purchase",Check local supplier,India,Indicative demo/reference price,Synthetic catalog row for prototype,2026-09-16
MAT0031,Steel,TMT Bar Fe500,Tata Tiscon,Tata Tiscon TMT Bar Fe500 8 mm,https://images.unsplash.com/photo-1504917595217-d4dc5ebe6122?auto=format&fit=crop&w=900&q=80,https://tatatiscon.co.in/,IS 1786,IS 1786,8 mm,,Standard,Kg,1 kg,7391.09,6651.98,8499.75,Verify current GST,3,4,RCC reinforcement and structural work,Suitable for standard construction applications,"Verify grade, compatibility and supplier quality before purchase",Check local supplier,India,Indicative demo/reference price,Synthetic catalog row for prototype,2026-09-16
MAT0032,Steel,TMT Bar Fe500D,JSW Neosteel,JSW Neosteel TMT Bar Fe500D 10 mm,https://images.unsplash.com/photo-1504917595217-d4dc5ebe6122?auto=format&fit=crop&w=900&q=80,https://www.jswneosteel.in/,IS 280,IS 280,10 mm,,Standard,Ton,1 ton,3653.78,3288.4,4201.85,Verify current GST,4,3,RCC reinforcement and structural work,Suitable for standard construction applications,"Verify grade, compatibility and supplier quality before purchase",Check local supplier,India,Indicative demo/reference price,Synthetic catalog row for prototype,2026-09-16
MAT0033,Steel,TMT Bar Fe550,SAIL,SAIL TMT Bar Fe550 12 mm,https://images.unsplash.com/photo-1504917595217-d4dc5ebe6122?auto=format&fit=crop&w=900&q=80,https://www.sail.co.in/,IS 1786,IS 1786,12 mm,,Standard,Kg,1 kg,11040.61,9936.55,12696.7,Verify current GST,3,4,RCC reinforcement and structural work,Suitable for standard construction applications,"Verify grade, compatibility and supplier quality before purchase",Check local supplier,India,Indicative demo/reference price,Synthetic catalog row for prototype,2026-09-16
MAT0034,Steel,Binding Wire,Jindal Panther,Jindal Panther Binding Wire 16 mm,https://images.unsplash.com/photo-1504917595217-d4dc5ebe6122?auto=format&fit=crop&w=900&q=80,https://www.jindalpanther.com/,IS 280,IS 280,16 mm,,Standard,Ton,1 ton,9958.26,8962.43,11452.0,Verify current GST,4,4,RCC reinforcement and structural work,Suitable for standard construction applications,"Verify grade, compatibility and supplier quality before purchase",Check local supplier,India,Indicative demo/reference price,Synthetic catalog row for prototype,2026-09-16
MAT0035,Steel,TMT Bar Fe500,Tata Tiscon,Tata Tiscon TMT Bar Fe500 20 mm,https://images.unsplash.com/photo-1504917595217-d4dc5ebe6122?auto=format&fit=crop&w=900&q=80,https://tatatiscon.co.in/,IS 1786,IS 1786,20 mm,,Standard,Kg,1 kg,14527.44,13074.7,16706.56,Verify current GST,4,4,RCC reinforcement and structural work,Suitable for standard construction applications,"Verify grade, compatibility and supplier quality before purchase",Check local supplier,India,Indicative demo/reference price,Synthetic catalog row for prototype,2026-09-16
MAT0036,Steel,TMT Bar Fe500D,JSW Neosteel,JSW Neosteel TMT Bar Fe500D 25 mm,https://images.unsplash.com/photo-1504917595217-d4dc5ebe6122?auto=format&fit=crop&w=900&q=80,https://www.jswneosteel.in/,IS 280,IS 280,25 mm,,Standard,Ton,1 ton,14989.24,13490.32,17237.63,Verify current GST,4,5,RCC reinforcement and structural work,Suitable for standard construction applications,"Verify grade, compatibility and supplier quality before purchase",Check local supplier,India,Indicative demo/reference price,Synthetic catalog row for prototype,2026-09-16
MAT0037,Steel,TMT Bar Fe550,SAIL,SAIL TMT Bar Fe550 8 mm,https://images.unsplash.com/photo-1504917595217-d4dc5ebe6122?auto=format&fit=crop&w=900&q=80,https://www.sail.co.in/,IS 1786,IS 1786,8 mm,,Standard,Kg,1 kg,1877.06,1689.35,2158.62,Verify current GST,4,3,RCC reinforcement and structural work,Suitable for standard construction applications,"Verify grade, compatibility and supplier quality before purchase",Check local supplier,India,Indicative demo/reference price,Synthetic catalog row for prototype,2026-09-16
MAT0038,Steel,Binding Wire,Jindal Panther,Jindal Panther Binding Wire 10 mm,https://images.unsplash.com/photo-1504917595217-d4dc5ebe6122?auto=format&fit=crop&w=900&q=80,https://www.jindalpanther.com/,IS 280,IS 280,10 mm,,Standard,Ton,1 ton,377.51,339.76,434.14,Verify current GST,4,4,RCC reinforcement and structural work,Suitable for standard construction applications,"Verify grade, compatibility and supplier quality before purchase",Check local supplier,India,Indicative demo/reference price,Synthetic catalog row for prototype,2026-09-16
MAT0039,Steel,TMT Bar Fe500,Tata Tiscon,Tata Tiscon TMT Bar Fe500 12 mm,https://images.unsplash.com/photo-1504917595217-d4dc5ebe6122?auto=format&fit=crop&w=900&q=80,https://tatatiscon.co.in/,IS 1786,IS 1786,12 mm,,Standard,Kg,1 kg,1126.9,1014.21,1295.93,Verify current GST,3,4,RCC reinforcement and structural work,Suitable for standard construction applications,"Verify grade, compatibility and supplier quality before purchase",Check local supplier,India,Indicative demo/reference price,Synthetic catalog row for prototype,2026-09-16
MAT0040,Steel,TMT Bar Fe500D,JSW Neosteel,JSW Neosteel TMT Bar Fe500D 16 mm,https://images.unsplash.com/photo-1504917595217-d4dc5ebe6122?auto=format&fit=crop&w=900&q=80,https://www.jswneosteel.in/,IS 280,IS 280,16 mm,,Standard,Ton,1 ton,13643.3,12278.97,15689.79,Verify current GST,4,3,RCC reinforcement and structural work,Suitable for standard construction applications,"Verify grade, compatibility and supplier quality before purchase",Check local supplier,India,Indicative demo/reference price,Synthetic catalog row for prototype,2026-09-16
MAT0041,Steel,TMT Bar Fe550,SAIL,SAIL TMT Bar Fe550 20 mm,https://images.unsplash.com/photo-1504917595217-d4dc5ebe6122?auto=format&fit=crop&w=900&q=80,https://www.sail.co.in/,IS 1786,IS 1786,20 mm,,Standard,Kg,1 kg,4239.16,3815.24,4875.03,Verify current GST,5,4,RCC reinforcement and structural work,Suitable for standard construction applications,"Verify grade, compatibility and supplier quality before purchase",Check local supplier,India,Indicative demo/reference price,Synthetic catalog row for prototype,2026-09-16
MAT0042,Steel,Binding Wire,Jindal Panther,Jindal Panther Binding Wire 25 mm,https://images.unsplash.com/photo-1504917595217-d4dc5ebe6122?auto=format&fit=crop&w=900&q=80,https://www.jindalpanther.com/,IS 280,IS 280,25 mm,,Standard,Ton,1 ton,10912.29,9821.06,12549.13,Verify current GST,5,4,RCC reinforcement and structural work,Suitable for standard construction applications,"Verify grade, compatibility and supplier quality before purchase",Check local supplier,India,Indicative demo/reference price,Synthetic catalog row for prototype,2026-09-16
MAT0043,Steel,TMT Bar Fe500,Tata Tiscon,Tata Tiscon TMT Bar Fe500 8 mm,https://images.unsplash.com/photo-1504917595217-d4dc5ebe6122?auto=format&fit=crop&w=900&q=80,https://tatatiscon.co.in/,IS 1786,IS 1786,8 mm,,Standard,Kg,1 kg,12174.45,10957.01,14000.62,Verify current GST,4,3,RCC reinforcement and structural work,Suitable for standard construction applications,"Verify grade, compatibility and supplier quality before purchase",Check local supplier,India,Indicative demo/reference price,Synthetic catalog row for prototype,2026-09-16
MAT0044,Steel,TMT Bar Fe500D,JSW Neosteel,JSW Neosteel TMT Bar Fe500D 10 mm,https://images.unsplash.com/photo-1504917595217-d4dc5ebe6122?auto=format&fit=crop&w=900&q=80,https://www.jswneosteel.in/,IS 280,IS 280,10 mm,,Standard,Ton,1 ton,9946.74,8952.07,11438.75,Verify current GST,4,5,RCC reinforcement and structural work,Suitable for standard construction applications,"Verify grade, compatibility and supplier quality before purchase",Check local supplier,India,Indicative demo/reference price,Synthetic catalog row for prototype,2026-09-16
MAT0045,Steel,TMT Bar Fe550,SAIL,SAIL TMT Bar Fe550 12 mm,https://images.unsplash.com/photo-1504917595217-d4dc5ebe6122?auto=format&fit=crop&w=900&q=80,https://www.sail.co.in/,IS 1786,IS 1786,12 mm,,Standard,Kg,1 kg,7067.37,6360.63,8127.48,Verify current GST,3,3,RCC reinforcement and structural work,Suitable for standard construction applications,"Verify grade, compatibility and supplier quality before purchase",Check local supplier,India,Indicative demo/reference price,Synthetic catalog row for prototype,2026-09-16
MAT0046,Steel,Binding Wire,Jindal Panther,Jindal Panther Binding Wire 16 mm,https://images.unsplash.com/photo-1504917595217-d4dc5ebe6122?auto=format&fit=crop&w=900&q=80,https://www.jindalpanther.com/,IS 280,IS 280,16 mm,,Standard,Ton,1 ton,6101.32,5491.19,7016.52,Verify current GST,4,3,RCC reinforcement and structural work,Suitable for standard construction applications,"Verify grade, compatibility and supplier quality before purchase",Check local supplier,India,Indicative demo/reference price,Synthetic catalog row for prototype,2026-09-16
MAT0047,Steel,TMT Bar Fe500,Tata Tiscon,Tata Tiscon TMT Bar Fe500 20 mm,https://images.unsplash.com/photo-1504917595217-d4dc5ebe6122?auto=format&fit=crop&w=900&q=80,https://tatatiscon.co.in/,IS 1786,IS 1786,20 mm,,Standard,Kg,1 kg,2935.85,2642.26,3376.23,Verify current GST,5,4,RCC reinforcement and structural work,Suitable for standard construction applications,"Verify grade, compatibility and supplier quality before purchase",Check local supplier,India,Indicative demo/reference price,Synthetic catalog row for prototype,2026-09-16
MAT0048,Steel,TMT Bar Fe500D,JSW Neosteel,JSW Neosteel TMT Bar Fe500D 25 mm,https://images.unsplash.com/photo-1504917595217-d4dc5ebe6122?auto=format&fit=crop&w=900&q=80,https://www.jswneosteel.in/,IS 280,IS 280,25 mm,,Standard,Ton,1 ton,2814.32,2532.89,3236.47,Verify current GST,5,4,RCC reinforcement and structural work,Suitable for standard construction applications,"Verify grade, compatibility and supplier quality before purchase",Check local supplier,India,Indicative demo/reference price,Synthetic catalog row for prototype,2026-09-16
MAT0049,Steel,TMT Bar Fe550,SAIL,SAIL TMT Bar Fe550 8 mm,https://images.unsplash.com/photo-1504917595217-d4dc5ebe6122?auto=format&fit=crop&w=900&q=80,https://www.sail.co.in/,IS 1786,IS 1786,8 mm,,Standard,Kg,1 kg,6708.96,6038.06,7715.3,Verify current GST,3,3,RCC reinforcement and structural work,Suitable for standard construction applications,"Verify grade, compatibility and supplier quality before purchase",Check local supplier,India,Indicative demo/reference price,Synthetic catalog row for prototype,2026-09-16
MAT0050,Steel,Binding Wire,Jindal Panther,Jindal Panther Binding Wire 10 mm,https://images.unsplash.com/photo-1504917595217-d4dc5ebe6122?auto=format&fit=crop&w=900&q=80,https://www.jindalpanther.com/,IS 280,IS 280,10 mm,,Standard,Ton,1 ton,14596.94,13137.25,16786.48,Verify current GST,4,4,RCC reinforcement and structural work,Suitable for standard construction applications,"Verify grade, compatibility and supplier quality before purchase",Check local supplier,India,Indicative demo/reference price,Synthetic catalog row for prototype,2026-09-16
MAT0051,Steel,TMT Bar Fe500,Tata Tiscon,Tata Tiscon TMT Bar Fe500 12 mm,https://images.unsplash.com/photo-1504917595217-d4dc5ebe6122?auto=format&fit=crop&w=900&q=80,https://tatatiscon.co.in/,IS 1786,IS 1786,12 mm,,Standard,Kg,1 kg,7346.62,6611.96,8448.61,Verify current GST,4,5,RCC reinforcement and structural work,Suitable for standard construction applications,"Verify grade, compatibility and supplier quality before purchase",Check local supplier,India,Indicative demo/reference price,Synthetic catalog row for prototype,2026-09-16
MAT0052,Steel,TMT Bar Fe500D,JSW Neosteel,JSW Neosteel TMT Bar Fe500D 16 mm,https://images.unsplash.com/photo-1504917595217-d4dc5ebe6122?auto=format&fit=crop&w=900&q=80,https://www.jswneosteel.in/,IS 280,IS 280,16 mm,,Standard,Ton,1 ton,2531.56,2278.4,2911.29,Verify current GST,3,5,RCC reinforcement and structural work,Suitable for standard construction applications,"Verify grade, compatibility and supplier quality before purchase",Check local supplier,India,Indicative demo/reference price,Synthetic catalog row for prototype,2026-09-16
MAT0053,Steel,TMT Bar Fe550,SAIL,SAIL TMT Bar Fe550 20 mm,https://images.unsplash.com/photo-1504917595217-d4dc5ebe6122?auto=format&fit=crop&w=900&q=80,https://www.sail.co.in/,IS 1786,IS 1786,20 mm,,Standard,Kg,1 kg,13959.77,12563.79,16053.74,Verify current GST,5,4,RCC reinforcement and structural work,Suitable for standard construction applications,"Verify grade, compatibility and supplier quality before purchase",Check local supplier,India,Indicative demo/reference price,Synthetic catalog row for prototype,2026-09-16
MAT0054,Steel,Binding Wire,Jindal Panther,Jindal Panther Binding Wire 25 mm,https://images.unsplash.com/photo-1504917595217-d4dc5ebe6122?auto=format&fit=crop&w=900&q=80,https://www.jindalpanther.com/,IS 280,IS 280,25 mm,,Standard,Ton,1 ton,10510.87,9459.78,12087.5,Verify current GST,5,4,RCC reinforcement and structural work,Suitable for standard construction applications,"Verify grade, compatibility and supplier quality before purchase",Check local supplier,India,Indicative demo/reference price,Synthetic catalog row for prototype,2026-09-16
MAT0055,Steel,TMT Bar Fe500,Tata Tiscon,Tata Tiscon TMT Bar Fe500 8 mm,https://images.unsplash.com/photo-1504917595217-d4dc5ebe6122?auto=format&fit=crop&w=900&q=80,https://tatatiscon.co.in/,IS 1786,IS 1786,8 mm,,Standard,Kg,1 kg,4512.62,4061.36,5189.51,Verify current GST,3,3,RCC reinforcement and structural work,Suitable for standard construction applications,"Verify grade, compatibility and supplier quality before purchase",Check local supplier,India,Indicative demo/reference price,Synthetic catalog row for prototype,2026-09-16
MAT0056,Steel,TMT Bar Fe500D,JSW Neosteel,JSW Neosteel TMT Bar Fe500D 10 mm,https://images.unsplash.com/photo-1504917595217-d4dc5ebe6122?auto=format&fit=crop&w=900&q=80,https://www.jswneosteel.in/,IS 280,IS 280,10 mm,,Standard,Ton,1 ton,919.48,827.53,1057.4,Verify current GST,5,4,RCC reinforcement and structural work,Suitable for standard construction applications,"Verify grade, compatibility and supplier quality before purchase",Check local supplier,India,Indicative demo/reference price,Synthetic catalog row for prototype,2026-09-16
MAT0057,Steel,TMT Bar Fe550,SAIL,SAIL TMT Bar Fe550 12 mm,https://images.unsplash.com/photo-1504917595217-d4dc5ebe6122?auto=format&fit=crop&w=900&q=80,https://www.sail.co.in/,IS 1786,IS 1786,12 mm,,Standard,Kg,1 kg,14473.68,13026.31,16644.73,Verify current GST,3,4,RCC reinforcement and structural work,Suitable for standard construction applications,"Verify grade, compatibility and supplier quality before purchase",Check local supplier,India,Indicative demo/reference price,Synthetic catalog row for prototype,2026-09-16
MAT0058,Steel,Binding Wire,Jindal Panther,Jindal Panther Binding Wire 16 mm,https://images.unsplash.com/photo-1504917595217-d4dc5ebe6122?auto=format&fit=crop&w=900&q=80,https://www.jindalpanther.com/,IS 280,IS 280,16 mm,,Standard,Ton,1 ton,8987.53,8088.78,10335.66,Verify current GST,4,5,RCC reinforcement and structural work,Suitable for standard construction applications,"Verify grade, compatibility and supplier quality before purchase",Check local supplier,India,Indicative demo/reference price,Synthetic catalog row for prototype,2026-09-16
MAT0059,Steel,TMT Bar Fe500,Tata Tiscon,Tata Tiscon TMT Bar Fe500 20 mm,https://images.unsplash.com/photo-1504917595217-d4dc5ebe6122?auto=format&fit=crop&w=900&q=80,https://tatatiscon.co.in/,IS 1786,IS 1786,20 mm,,Standard,Kg,1 kg,14185.94,12767.35,16313.83,Verify current GST,4,3,RCC reinforcement and structural work,Suitable for standard construction applications,"Verify grade, compatibility and supplier quality before purchase",Check local supplier,India,Indicative demo/reference price,Synthetic catalog row for prototype,2026-09-16
MAT0060,Steel,TMT Bar Fe500D,JSW Neosteel,JSW Neosteel TMT Bar Fe500D 25 mm,https://images.unsplash.com/photo-1504917595217-d4dc5ebe6122?auto=format&fit=crop&w=900&q=80,https://www.jswneosteel.in/,IS 280,IS 280,25 mm,,Standard,Ton,1 ton,6350.37,5715.33,7302.93,Verify current GST,4,4,RCC reinforcement and structural work,Suitable for standard construction applications,"Verify grade, compatibility and supplier quality before purchase",Check local supplier,India,Indicative demo/reference price,Synthetic catalog row for prototype,2026-09-16
MAT0061,Bricks & Blocks,AAC Block,Magicrete,Magicrete AAC Block Standard,https://images.unsplash.com/photo-1590725140246-20acdee442be?auto=format&fit=crop&w=900&q=80,https://www.magicrete.in/,IS 2185,IS 2185,Standard,,Black,Piece,1 piece,60.23,54.21,69.26,Verify current GST,4,4,Wall construction and partitions,Suitable for standard construction applications,"Verify grade, compatibility and supplier quality before purchase",Check local supplier,India,Indicative demo/reference price,Synthetic catalog row for prototype,2026-09-16
MAT0062,Bricks & Blocks,Red Clay Brick,JK Lakshmi,JK Lakshmi Red Clay Brick Standard,https://images.unsplash.com/photo-1590725140246-20acdee442be?auto=format&fit=crop&w=900&q=80,https://www.jklakshmicement.com/,IS 1077,IS 1077,Standard,,Natural,Piece,1 piece,39.68,35.71,45.63,Verify current GST,4,5,Wall construction and partitions,Suitable for standard construction applications,"Verify grade, compatibility and supplier quality before purchase",Check local supplier,India,Indicative demo/reference price,Synthetic catalog row for prototype,2026-09-16
MAT0063,Bricks & Blocks,Fly Ash Brick,Generic,Generic Fly Ash Brick Standard,https://images.unsplash.com/photo-1590725140246-20acdee442be?auto=format&fit=crop&w=900&q=80,,IS 2185,IS 2185,Standard,,Multiple,Piece,1 piece,79.68,71.71,91.63,Verify current GST,3,3,Wall construction and partitions,Suitable for standard construction applications,"Verify grade, compatibility and supplier quality before purchase",Check local supplier,India,Indicative demo/reference price,Synthetic catalog row for prototype,2026-09-16
MAT0064,Bricks & Blocks,Concrete Block,Magicrete,Magicrete Concrete Block Standard,https://images.unsplash.com/photo-1590725140246-20acdee442be?auto=format&fit=crop&w=900&q=80,https://www.magicrete.in/,IS 1077,IS 1077,Standard,,Brown,Piece,1 piece,56.59,50.93,65.08,Verify current GST,3,3,Wall construction and partitions,Suitable for standard construction applications,"Verify grade, compatibility and supplier quality before purchase",Check local supplier,India,Indicative demo/reference price,Synthetic catalog row for prototype,2026-09-16
MAT0065,Bricks & Blocks,AAC Block,JK Lakshmi,JK Lakshmi AAC Block Standard,https://images.unsplash.com/photo-1590725140246-20acdee442be?auto=format&fit=crop&w=900&q=80,https://www.jklakshmicement.com/,IS 2185,IS 2185,Standard,,White,Piece,1 piece,47.94,43.15,55.13,Verify current GST,4,4,Wall construction and partitions,Suitable for standard construction applications,"Verify grade, compatibility and supplier quality before purchase",Check local supplier,India,Indicative demo/reference price,Synthetic catalog row for prototype,2026-09-16
MAT0066,Bricks & Blocks,Red Clay Brick,Generic,Generic Red Clay Brick Standard,https://images.unsplash.com/photo-1590725140246-20acdee442be?auto=format&fit=crop&w=900&q=80,,IS 1077,IS 1077,Standard,,Beige,Piece,1 piece,75.95,68.36,87.34,Verify current GST,4,4,Wall construction and partitions,Suitable for standard construction applications,"Verify grade, compatibility and supplier quality before purchase",Check local supplier,India,Indicative demo/reference price,Synthetic catalog row for prototype,2026-09-16
MAT0067,Bricks & Blocks,Fly Ash Brick,Magicrete,Magicrete Fly Ash Brick Standard,https://images.unsplash.com/photo-1590725140246-20acdee442be?auto=format&fit=crop&w=900&q=80,https://www.magicrete.in/,IS 2185,IS 2185,Standard,,Black,Piece,1 piece,42.86,38.57,49.29,Verify current GST,4,3,Wall construction and partitions,Suitable for standard construction applications,"Verify grade, compatibility and supplier quality before purchase",Check local supplier,India,Indicative demo/reference price,Synthetic catalog row for prototype,2026-09-16
MAT0068,Bricks & Blocks,Concrete Block,JK Lakshmi,JK Lakshmi Concrete Block Standard,https://images.unsplash.com/photo-1590725140246-20acdee442be?auto=format&fit=crop&w=900&q=80,https://www.jklakshmicement.com/,IS 1077,IS 1077,Standard,,Black,Piece,1 piece,79.88,71.89,91.86,Verify current GST,3,4,Wall construction and partitions,Suitable for standard construction applications,"Verify grade, compatibility and supplier quality before purchase",Check local supplier,India,Indicative demo/reference price,Synthetic catalog row for prototype,2026-09-16
MAT0069,Bricks & Blocks,AAC Block,Generic,Generic AAC Block Standard,https://images.unsplash.com/photo-1590725140246-20acdee442be?auto=format&fit=crop&w=900&q=80,,IS 2185,IS 2185,Standard,,Black,Piece,1 piece,18.66,16.79,21.46,Verify current GST,3,4,Wall construction and partitions,Suitable for standard construction applications,"Verify grade, compatibility and supplier quality before purchase",Check local supplier,India,Indicative demo/reference price,Synthetic catalog row for prototype,2026-09-16
MAT0070,Bricks & Blocks,Red Clay Brick,Magicrete,Magicrete Red Clay Brick Standard,https://images.unsplash.com/photo-1590725140246-20acdee442be?auto=format&fit=crop&w=900&q=80,https://www.magicrete.in/,IS 1077,IS 1077,Standard,,Brown,Piece,1 piece,31.13,28.02,35.8,Verify current GST,4,4,Wall construction and partitions,Suitable for standard construction applications,"Verify grade, compatibility and supplier quality before purchase",Check local supplier,India,Indicative demo/reference price,Synthetic catalog row for prototype,2026-09-16
MAT0071,Bricks & Blocks,Fly Ash Brick,JK Lakshmi,JK Lakshmi Fly Ash Brick Standard,https://images.unsplash.com/photo-1590725140246-20acdee442be?auto=format&fit=crop&w=900&q=80,https://www.jklakshmicement.com/,IS 2185,IS 2185,Standard,,Black,Piece,1 piece,61.56,55.4,70.79,Verify current GST,4,5,Wall construction and partitions,Suitable for standard construction applications,"Verify grade, compatibility and supplier quality before purchase",Check local supplier,India,Indicative demo/reference price,Synthetic catalog row for prototype,2026-09-16
MAT0072,Bricks & Blocks,Concrete Block,Generic,Generic Concrete Block Standard,https://images.unsplash.com/photo-1590725140246-20acdee442be?auto=format&fit=crop&w=900&q=80,,IS 1077,IS 1077,Standard,,Silver,Piece,1 piece,77.9,70.11,89.58,Verify current GST,3,3,Wall construction and partitions,Suitable for standard construction applications,"Verify grade, compatibility and supplier quality before purchase",Check local supplier,India,Indicative demo/reference price,Synthetic catalog row for prototype,2026-09-16
MAT0073,Bricks & Blocks,AAC Block,Magicrete,Magicrete AAC Block Standard,https://images.unsplash.com/photo-1590725140246-20acdee442be?auto=format&fit=crop&w=900&q=80,https://www.magicrete.in/,IS 2185,IS 2185,Standard,,Natural,Piece,1 piece,72.2,64.98,83.03,Verify current GST,3,3,Wall construction and partitions,Suitable for standard construction applications,"Verify grade, compatibility and supplier quality before purchase",Check local supplier,India,Indicative demo/reference price,Synthetic catalog row for prototype,2026-09-16
MAT0074,Bricks & Blocks,Red Clay Brick,JK Lakshmi,JK Lakshmi Red Clay Brick Standard,https://images.unsplash.com/photo-1590725140246-20acdee442be?auto=format&fit=crop&w=900&q=80,https://www.jklakshmicement.com/,IS 1077,IS 1077,Standard,,Multiple,Piece,1 piece,67.83,61.05,78.0,Verify current GST,4,4,Wall construction and partitions,Suitable for standard construction applications,"Verify grade, compatibility and supplier quality before purchase",Check local supplier,India,Indicative demo/reference price,Synthetic catalog row for prototype,2026-09-16
MAT0075,Bricks & Blocks,Fly Ash Brick,Generic,Generic Fly Ash Brick Standard,https://images.unsplash.com/photo-1590725140246-20acdee442be?auto=format&fit=crop&w=900&q=80,,IS 2185,IS 2185,Standard,,White,Piece,1 piece,51.38,46.24,59.09,Verify current GST,5,3,Wall construction and partitions,Suitable for standard construction applications,"Verify grade, compatibility and supplier quality before purchase",Check local supplier,India,Indicative demo/reference price,Synthetic catalog row for prototype,2026-09-16
MAT0076,Bricks & Blocks,Concrete Block,Magicrete,Magicrete Concrete Block Standard,https://images.unsplash.com/photo-1590725140246-20acdee442be?auto=format&fit=crop&w=900&q=80,https://www.magicrete.in/,IS 1077,IS 1077,Standard,,Natural,Piece,1 piece,15.64,14.08,17.99,Verify current GST,4,3,Wall construction and partitions,Suitable for standard construction applications,"Verify grade, compatibility and supplier quality before purchase",Check local supplier,India,Indicative demo/reference price,Synthetic catalog row for prototype,2026-09-16
MAT0077,Bricks & Blocks,AAC Block,JK Lakshmi,JK Lakshmi AAC Block Standard,https://images.unsplash.com/photo-1590725140246-20acdee442be?auto=format&fit=crop&w=900&q=80,https://www.jklakshmicement.com/,IS 2185,IS 2185,Standard,,Beige,Piece,1 piece,53.69,48.32,61.74,Verify current GST,4,5,Wall construction and partitions,Suitable for standard construction applications,"Verify grade, compatibility and supplier quality before purchase",Check local supplier,India,Indicative demo/reference price,Synthetic catalog row for prototype,2026-09-16
MAT0078,Bricks & Blocks,Red Clay Brick,Generic,Generic Red Clay Brick Standard,https://images.unsplash.com/photo-1590725140246-20acdee442be?auto=format&fit=crop&w=900&q=80,,IS 1077,IS 1077,Standard,,Natural,Piece,1 piece,13.14,11.83,15.11,Verify current GST,4,3,Wall construction and partitions,Suitable for standard construction applications,"Verify grade, compatibility and supplier quality before purchase",Check local supplier,India,Indicative demo/reference price,Synthetic catalog row for prototype,2026-09-16
MAT0079,Bricks & Blocks,Fly Ash Brick,Magicrete,Magicrete Fly Ash Brick Standard,https://images.unsplash.com/photo-1590725140246-20acdee442be?auto=format&fit=crop&w=900&q=80,https://www.magicrete.in/,IS 2185,IS 2185,Standard,,Natural,Piece,1 piece,25.76,23.18,29.62,Verify current GST,4,3,Wall construction and partitions,Suitable for standard construction applications,"Verify grade, compatibility and supplier quality before purchase",Check local supplier,India,Indicative demo/reference price,Synthetic catalog row for prototype,2026-09-16
MAT0080,Bricks & Blocks,Concrete Block,JK Lakshmi,JK Lakshmi Concrete Block Standard,https://images.unsplash.com/photo-1590725140246-20acdee442be?auto=format&fit=crop&w=900&q=80,https://www.jklakshmicement.com/,IS 1077,IS 1077,Standard,,Brown,Piece,1 piece,68.51,61.66,78.79,Verify current GST,5,4,Wall construction and partitions,Suitable for standard construction applications,"Verify grade, compatibility and supplier quality before purchase",Check local supplier,India,Indicative demo/reference price,Synthetic catalog row for prototype,2026-09-16
MAT0081,Bricks & Blocks,AAC Block,Generic,Generic AAC Block Standard,https://images.unsplash.com/photo-1590725140246-20acdee442be?auto=format&fit=crop&w=900&q=80,,IS 2185,IS 2185,Standard,,Grey,Piece,1 piece,74.85,67.36,86.08,Verify current GST,4,5,Wall construction and partitions,Suitable for standard construction applications,"Verify grade, compatibility and supplier quality before purchase",Check local supplier,India,Indicative demo/reference price,Synthetic catalog row for prototype,2026-09-16
MAT0082,Bricks & Blocks,Red Clay Brick,Magicrete,Magicrete Red Clay Brick Standard,https://images.unsplash.com/photo-1590725140246-20acdee442be?auto=format&fit=crop&w=900&q=80,https://www.magicrete.in/,IS 1077,IS 1077,Standard,,Brown,Piece,1 piece,23.45,21.11,26.97,Verify current GST,4,5,Wall construction and partitions,Suitable for standard construction applications,"Verify grade, compatibility and supplier quality before purchase",Check local supplier,India,Indicative demo/reference price,Synthetic catalog row for prototype,2026-09-16
MAT0083,Bricks & Blocks,Fly Ash Brick,JK Lakshmi,JK Lakshmi Fly Ash Brick Standard,https://images.unsplash.com/photo-1590725140246-20acdee442be?auto=format&fit=crop&w=900&q=80,https://www.jklakshmicement.com/,IS 2185,IS 2185,Standard,,Grey,Piece,1 piece,30.01,27.01,34.51,Verify current GST,3,5,Wall construction and partitions,Suitable for standard construction applications,"Verify grade, compatibility and supplier quality before purchase",Check local supplier,India,Indicative demo/reference price,Synthetic catalog row for prototype,2026-09-16
MAT0084,Bricks & Blocks,Concrete Block,Generic,Generic Concrete Block Standard,https://images.unsplash.com/photo-1590725140246-20acdee442be?auto=format&fit=crop&w=900&q=80,,IS 1077,IS 1077,Standard,,Multiple,Piece,1 piece,74.39,66.95,85.55,Verify current GST,4,4,Wall construction and partitions,Suitable for standard construction applications,"Verify grade, compatibility and supplier quality before purchase",Check local supplier,India,Indicative demo/reference price,Synthetic catalog row for prototype,2026-09-16
MAT0085,Bricks & Blocks,AAC Block,Magicrete,Magicrete AAC Block Standard,https://images.unsplash.com/photo-1590725140246-20acdee442be?auto=format&fit=crop&w=900&q=80,https://www.magicrete.in/,IS 2185,IS 2185,Standard,,Grey,Piece,1 piece,36.22,32.6,41.65,Verify current GST,4,4,Wall construction and partitions,Suitable for standard construction applications,"Verify grade, compatibility and supplier quality before purchase",Check local supplier,India,Indicative demo/reference price,Synthetic catalog row for prototype,2026-09-16
MAT0086,Bricks & Blocks,Red Clay Brick,JK Lakshmi,JK Lakshmi Red Clay Brick Standard,https://images.unsplash.com/photo-1590725140246-20acdee442be?auto=format&fit=crop&w=900&q=80,https://www.jklakshmicement.com/,IS 1077,IS 1077,Standard,,Black,Piece,1 piece,59.5,53.55,68.42,Verify current GST,5,4,Wall construction and partitions,Suitable for standard construction applications,"Verify grade, compatibility and supplier quality before purchase",Check local supplier,India,Indicative demo/reference price,Synthetic catalog row for prototype,2026-09-16
MAT0087,Bricks & Blocks,Fly Ash Brick,Generic,Generic Fly Ash Brick Standard,https://images.unsplash.com/photo-1590725140246-20acdee442be?auto=format&fit=crop&w=900&q=80,,IS 2185,IS 2185,Standard,,Silver,Piece,1 piece,74.83,67.35,86.05,Verify current GST,4,4,Wall construction and partitions,Suitable for standard construction applications,"Verify grade, compatibility and supplier quality before purchase",Check local supplier,India,Indicative demo/reference price,Synthetic catalog row for prototype,2026-09-16
MAT0088,Bricks & Blocks,Concrete Block,Magicrete,Magicrete Concrete Block Standard,https://images.unsplash.com/photo-1590725140246-20acdee442be?auto=format&fit=crop&w=900&q=80,https://www.magicrete.in/,IS 1077,IS 1077,Standard,,White,Piece,1 piece,60.96,54.86,70.1,Verify current GST,4,3,Wall construction and partitions,Suitable for standard construction applications,"Verify grade, compatibility and supplier quality before purchase",Check local supplier,India,Indicative demo/reference price,Synthetic catalog row for prototype,2026-09-16
MAT0089,Bricks & Blocks,AAC Block,JK Lakshmi,JK Lakshmi AAC Block Standard,https://images.unsplash.com/photo-1590725140246-20acdee442be?auto=format&fit=crop&w=900&q=80,https://www.jklakshmicement.com/,IS 2185,IS 2185,Standard,,Black,Piece,1 piece,75.78,68.2,87.15,Verify current GST,4,4,Wall construction and partitions,Suitable for standard construction applications,"Verify grade, compatibility and supplier quality before purchase",Check local supplier,India,Indicative demo/reference price,Synthetic catalog row for prototype,2026-09-16
MAT0090,Bricks & Blocks,Red Clay Brick,Generic,Generic Red Clay Brick Standard,https://images.unsplash.com/photo-1590725140246-20acdee442be?auto=format&fit=crop&w=900&q=80,,IS 1077,IS 1077,Standard,,Natural,Piece,1 piece,12.87,11.58,14.8,Verify current GST,5,4,Wall construction and partitions,Suitable for standard construction applications,"Verify grade, compatibility and supplier quality before purchase",Check local supplier,India,Indicative demo/reference price,Synthetic catalog row for prototype,2026-09-16
MAT0091,Sand,M-Sand,Generic,Generic M-Sand Standard,https://images.unsplash.com/photo-1590644365607-1c5a6e6e5b3f?auto=format&fit=crop&w=900&q=80,,IS 383,Standard,Standard,,Standard,Cu Ft,1 cu ft,979.79,881.81,1126.76,Verify current GST,3,5,"Concrete, masonry and plastering",Suitable for standard construction applications,"Verify grade, compatibility and supplier quality before purchase",Check local supplier,India,Indicative demo/reference price,Synthetic catalog row for prototype,2026-09-16
MAT0092,Sand,P-Sand,Local Supplier,Local Supplier P-Sand Standard,https://images.unsplash.com/photo-1590644365607-1c5a6e6e5b3f?auto=format&fit=crop&w=900&q=80,,IS 383,Standard,Standard,,Standard,Tonne,1 tonne,586.47,527.82,674.44,Verify current GST,5,3,"Concrete, masonry and plastering",Suitable for standard construction applications,"Verify grade, compatibility and supplier quality before purchase",Check local supplier,India,Indicative demo/reference price,Synthetic catalog row for prototype,2026-09-16
MAT0093,Sand,River Sand,Generic,Generic River Sand Standard,https://images.unsplash.com/photo-1590644365607-1c5a6e6e5b3f?auto=format&fit=crop&w=900&q=80,,IS 383,Standard,Standard,,Standard,Cu Ft,1 cu ft,823.54,741.19,947.07,Verify current GST,3,4,"Concrete, masonry and plastering",Suitable for standard construction applications,"Verify grade, compatibility and supplier quality before purchase",Check local supplier,India,Indicative demo/reference price,Synthetic catalog row for prototype,2026-09-16
MAT0094,Sand,Plastering Sand,Local Supplier,Local Supplier Plastering Sand Standard,https://images.unsplash.com/photo-1590644365607-1c5a6e6e5b3f?auto=format&fit=crop&w=900&q=80,,IS 383,Standard,Standard,,Standard,Tonne,1 tonne,1471.23,1324.11,1691.91,Verify current GST,3,4,"Concrete, masonry and plastering",Suitable for standard construction applications,"Verify grade, compatibility and supplier quality before purchase",Check local supplier,India,Indicative demo/reference price,Synthetic catalog row for prototype,2026-09-16
MAT0095,Sand,M-Sand,Generic,Generic M-Sand Standard,https://images.unsplash.com/photo-1590644365607-1c5a6e6e5b3f?auto=format&fit=crop&w=900&q=80,,IS 383,Standard,Standard,,Standard,Cu Ft,1 cu ft,1478.82,1330.94,1700.64,Verify current GST,4,5,"Concrete, masonry and plastering",Suitable for standard construction applications,"Verify grade, compatibility and supplier quality before purchase",Check local supplier,India,Indicative demo/reference price,Synthetic catalog row for prototype,2026-09-16
MAT0096,Sand,P-Sand,Local Supplier,Local Supplier P-Sand Standard,https://images.unsplash.com/photo-1590644365607-1c5a6e6e5b3f?auto=format&fit=crop&w=900&q=80,,IS 383,Standard,Standard,,Standard,Tonne,1 tonne,1235.3,1111.77,1420.59,Verify current GST,4,5,"Concrete, masonry and plastering",Suitable for standard construction applications,"Verify grade, compatibility and supplier quality before purchase",Check local supplier,India,Indicative demo/reference price,Synthetic catalog row for prototype,2026-09-16
MAT0097,Sand,River Sand,Generic,Generic River Sand Standard,https://images.unsplash.com/photo-1590644365607-1c5a6e6e5b3f?auto=format&fit=crop&w=900&q=80,,IS 383,Standard,Standard,,Standard,Cu Ft,1 cu ft,1501.39,1351.25,1726.6,Verify current GST,4,4,"Concrete, masonry and plastering",Suitable for standard construction applications,"Verify grade, compatibility and supplier quality before purchase",Check local supplier,India,Indicative demo/reference price,Synthetic catalog row for prototype,2026-09-16
MAT0098,Sand,Plastering Sand,Local Supplier,Local Supplier Plastering Sand Standard,https://images.unsplash.com/photo-1590644365607-1c5a6e6e5b3f?auto=format&fit=crop&w=900&q=80,,IS 383,Standard,Standard,,Standard,Tonne,1 tonne,1221.28,1099.15,1404.47,Verify current GST,3,4,"Concrete, masonry and plastering",Suitable for standard construction applications,"Verify grade, compatibility and supplier quality before purchase",Check local supplier,India,Indicative demo/reference price,Synthetic catalog row for prototype,2026-09-16
MAT0099,Sand,M-Sand,Generic,Generic M-Sand Standard,https://images.unsplash.com/photo-1590644365607-1c5a6e6e5b3f?auto=format&fit=crop&w=900&q=80,,IS 383,Standard,Standard,,Standard,Cu Ft,1 cu ft,490.05,441.05,563.56,Verify current GST,4,5,"Concrete, masonry and plastering",Suitable for standard construction applications,"Verify grade, compatibility and supplier quality before purchase",Check local supplier,India,Indicative demo/reference price,Synthetic catalog row for prototype,2026-09-16
MAT0100,Sand,P-Sand,Local Supplier,Local Supplier P-Sand Standard,https://images.unsplash.com/photo-1590644365607-1c5a6e6e5b3f?auto=format&fit=crop&w=900&q=80,,IS 383,Standard,Standard,,Standard,Tonne,1 tonne,992.28,893.05,1141.12,Verify current GST,4,5,"Concrete, masonry and plastering",Suitable for standard construction applications,"Verify grade, compatibility and supplier quality before purchase",Check local supplier,India,Indicative demo/reference price,Synthetic catalog row for prototype,2026-09-16
MAT0101,Sand,River Sand,Generic,Generic River Sand Standard,https://images.unsplash.com/photo-1590644365607-1c5a6e6e5b3f?auto=format&fit=crop&w=900&q=80,,IS 383,Standard,Standard,,Standard,Cu Ft,1 cu ft,1461.41,1315.27,1680.62,Verify current GST,4,4,"Concrete, masonry and plastering",Suitable for standard construction applications,"Verify grade, compatibility and supplier quality before purchase",Check local supplier,India,Indicative demo/reference price,Synthetic catalog row for prototype,2026-09-16
MAT0102,Sand,Plastering Sand,Local Supplier,Local Supplier Plastering Sand Standard,https://images.unsplash.com/photo-1590644365607-1c5a6e6e5b3f?auto=format&fit=crop&w=900&q=80,,IS 383,Standard,Standard,,Standard,Tonne,1 tonne,1806.89,1626.2,2077.92,Verify current GST,4,4,"Concrete, masonry and plastering",Suitable for standard construction applications,"Verify grade, compatibility and supplier quality before purchase",Check local supplier,India,Indicative demo/reference price,Synthetic catalog row for prototype,2026-09-16
MAT0103,Sand,M-Sand,Generic,Generic M-Sand Standard,https://images.unsplash.com/photo-1590644365607-1c5a6e6e5b3f?auto=format&fit=crop&w=900&q=80,,IS 383,Standard,Standard,,Standard,Cu Ft,1 cu ft,1781.21,1603.09,2048.39,Verify current GST,4,3,"Concrete, masonry and plastering",Suitable for standard construction applications,"Verify grade, compatibility and supplier quality before purchase",Check local supplier,India,Indicative demo/reference price,Synthetic catalog row for prototype,2026-09-16
MAT0104,Sand,P-Sand,Local Supplier,Local Supplier P-Sand Standard,https://images.unsplash.com/photo-1590644365607-1c5a6e6e5b3f?auto=format&fit=crop&w=900&q=80,,IS 383,Standard,Standard,,Standard,Tonne,1 tonne,565.08,508.57,649.84,Verify current GST,5,3,"Concrete, masonry and plastering",Suitable for standard construction applications,"Verify grade, compatibility and supplier quality before purchase",Check local supplier,India,Indicative demo/reference price,Synthetic catalog row for prototype,2026-09-16
MAT0105,Sand,River Sand,Generic,Generic River Sand Standard,https://images.unsplash.com/photo-1590644365607-1c5a6e6e5b3f?auto=format&fit=crop&w=900&q=80,,IS 383,Standard,Standard,,Standard,Cu Ft,1 cu ft,932.26,839.03,1072.1,Verify current GST,4,5,"Concrete, masonry and plastering",Suitable for standard construction applications,"Verify grade, compatibility and supplier quality before purchase",Check local supplier,India,Indicative demo/reference price,Synthetic catalog row for prototype,2026-09-16
MAT0106,Sand,Plastering Sand,Local Supplier,Local Supplier Plastering Sand Standard,https://images.unsplash.com/photo-1590644365607-1c5a6e6e5b3f?auto=format&fit=crop&w=900&q=80,,IS 383,Standard,Standard,,Standard,Tonne,1 tonne,900.25,810.23,1035.29,Verify current GST,4,3,"Concrete, masonry and plastering",Suitable for standard construction applications,"Verify grade, compatibility and supplier quality before purchase",Check local supplier,India,Indicative demo/reference price,Synthetic catalog row for prototype,2026-09-16
MAT0107,Sand,M-Sand,Generic,Generic M-Sand Standard,https://images.unsplash.com/photo-1590644365607-1c5a6e6e5b3f?auto=format&fit=crop&w=900&q=80,,IS 383,Standard,Standard,,Standard,Cu Ft,1 cu ft,1720.28,1548.25,1978.32,Verify current GST,4,4,"Concrete, masonry and plastering",Suitable for standard construction applications,"Verify grade, compatibility and supplier quality before purchase",Check local supplier,India,Indicative demo/reference price,Synthetic catalog row for prototype,2026-09-16
MAT0108,Sand,P-Sand,Local Supplier,Local Supplier P-Sand Standard,https://images.unsplash.com/photo-1590644365607-1c5a6e6e5b3f?auto=format&fit=crop&w=900&q=80,,IS 383,Standard,Standard,,Standard,Tonne,1 tonne,143.72,129.35,165.28,Verify current GST,4,3,"Concrete, masonry and plastering",Suitable for standard construction applications,"Verify grade, compatibility and supplier quality before purchase",Check local supplier,India,Indicative demo/reference price,Synthetic catalog row for prototype,2026-09-16
MAT0109,Sand,River Sand,Generic,Generic River Sand Standard,https://images.unsplash.com/photo-1590644365607-1c5a6e6e5b3f?auto=format&fit=crop&w=900&q=80,,IS 383,Standard,Standard,,Standard,Cu Ft,1 cu ft,323.68,291.31,372.23,Verify current GST,5,4,"Concrete, masonry and plastering",Suitable for standard construction applications,"Verify grade, compatibility and supplier quality before purchase",Check local supplier,India,Indicative demo/reference price,Synthetic catalog row for prototype,2026-09-16
MAT0110,Sand,Plastering Sand,Local Supplier,Local Supplier Plastering Sand Standard,https://images.unsplash.com/photo-1590644365607-1c5a6e6e5b3f?auto=format&fit=crop&w=900&q=80,,IS 383,Standard,Standard,,Standard,Tonne,1 tonne,1361.39,1225.25,1565.6,Verify current GST,5,5,"Concrete, masonry and plastering",Suitable for standard construction applications,"Verify grade, compatibility and supplier quality before purchase",Check local supplier,India,Indicative demo/reference price,Synthetic catalog row for prototype,2026-09-16
MAT0111,Sand,M-Sand,Generic,Generic M-Sand Standard,https://images.unsplash.com/photo-1590644365607-1c5a6e6e5b3f?auto=format&fit=crop&w=900&q=80,,IS 383,Standard,Standard,,Standard,Cu Ft,1 cu ft,1645.01,1480.51,1891.76,Verify current GST,5,5,"Concrete, masonry and plastering",Suitable for standard construction applications,"Verify grade, compatibility and supplier quality before purchase",Check local supplier,India,Indicative demo/reference price,Synthetic catalog row for prototype,2026-09-16
MAT0112,Sand,P-Sand,Local Supplier,Local Supplier P-Sand Standard,https://images.unsplash.com/photo-1590644365607-1c5a6e6e5b3f?auto=format&fit=crop&w=900&q=80,,IS 383,Standard,Standard,,Standard,Tonne,1 tonne,1662.6,1496.34,1911.99,Verify current GST,4,5,"Concrete, masonry and plastering",Suitable for standard construction applications,"Verify grade, compatibility and supplier quality before purchase",Check local supplier,India,Indicative demo/reference price,Synthetic catalog row for prototype,2026-09-16
MAT0113,Sand,River Sand,Generic,Generic River Sand Standard,https://images.unsplash.com/photo-1590644365607-1c5a6e6e5b3f?auto=format&fit=crop&w=900&q=80,,IS 383,Standard,Standard,,Standard,Cu Ft,1 cu ft,629.5,566.55,723.92,Verify current GST,3,4,"Concrete, masonry and plastering",Suitable for standard construction applications,"Verify grade, compatibility and supplier quality before purchase",Check local supplier,India,Indicative demo/reference price,Synthetic catalog row for prototype,2026-09-16
MAT0114,Sand,Plastering Sand,Local Supplier,Local Supplier Plastering Sand Standard,https://images.unsplash.com/photo-1590644365607-1c5a6e6e5b3f?auto=format&fit=crop&w=900&q=80,,IS 383,Standard,Standard,,Standard,Tonne,1 tonne,623.26,560.93,716.75,Verify current GST,4,3,"Concrete, masonry and plastering",Suitable for standard construction applications,"Verify grade, compatibility and supplier quality before purchase",Check local supplier,India,Indicative demo/reference price,Synthetic catalog row for prototype,2026-09-16
MAT0115,Sand,M-Sand,Generic,Generic M-Sand Standard,https://images.unsplash.com/photo-1590644365607-1c5a6e6e5b3f?auto=format&fit=crop&w=900&q=80,,IS 383,Standard,Standard,,Standard,Cu Ft,1 cu ft,361.55,325.4,415.78,Verify current GST,5,4,"Concrete, masonry and plastering",Suitable for standard construction applications,"Verify grade, compatibility and supplier quality before purchase",Check local supplier,India,Indicative demo/reference price,Synthetic catalog row for prototype,2026-09-16
MAT0116,Sand,P-Sand,Local Supplier,Local Supplier P-Sand Standard,https://images.unsplash.com/photo-1590644365607-1c5a6e6e5b3f?auto=format&fit=crop&w=900&q=80,,IS 383,Standard,Standard,,Standard,Tonne,1 tonne,174.06,156.65,200.17,Verify current GST,5,4,"Concrete, masonry and plastering",Suitable for standard construction applications,"Verify grade, compatibility and supplier quality before purchase",Check local supplier,India,Indicative demo/reference price,Synthetic catalog row for prototype,2026-09-16
MAT0117,Sand,River Sand,Generic,Generic River Sand Standard,https://images.unsplash.com/photo-1590644365607-1c5a6e6e5b3f?auto=format&fit=crop&w=900&q=80,,IS 383,Standard,Standard,,Standard,Cu Ft,1 cu ft,935.15,841.63,1075.42,Verify current GST,4,5,"Concrete, masonry and plastering",Suitable for standard construction applications,"Verify grade, compatibility and supplier quality before purchase",Check local supplier,India,Indicative demo/reference price,Synthetic catalog row for prototype,2026-09-16
MAT0118,Sand,Plastering Sand,Local Supplier,Local Supplier Plastering Sand Standard,https://images.unsplash.com/photo-1590644365607-1c5a6e6e5b3f?auto=format&fit=crop&w=900&q=80,,IS 383,Standard,Standard,,Standard,Tonne,1 tonne,1993.98,1794.58,2293.08,Verify current GST,3,5,"Concrete, masonry and plastering",Suitable for standard construction applications,"Verify grade, compatibility and supplier quality before purchase",Check local supplier,India,Indicative demo/reference price,Synthetic catalog row for prototype,2026-09-16
MAT0119,Sand,M-Sand,Generic,Generic M-Sand Standard,https://images.unsplash.com/photo-1590644365607-1c5a6e6e5b3f?auto=format&fit=crop&w=900&q=80,,IS 383,Standard,Standard,,Standard,Cu Ft,1 cu ft,47.77,42.99,54.94,Verify current GST,4,4,"Concrete, masonry and plastering",Suitable for standard construction applications,"Verify grade, compatibility and supplier quality before purchase",Check local supplier,India,Indicative demo/reference price,Synthetic catalog row for prototype,2026-09-16
MAT0120,Sand,P-Sand,Local Supplier,Local Supplier P-Sand Standard,https://images.unsplash.com/photo-1590644365607-1c5a6e6e5b3f?auto=format&fit=crop&w=900&q=80,,IS 383,Standard,Standard,,Standard,Tonne,1 tonne,1882.71,1694.44,2165.12,Verify current GST,5,4,"Concrete, masonry and plastering",Suitable for standard construction applications,"Verify grade, compatibility and supplier quality before purchase",Check local supplier,India,Indicative demo/reference price,Synthetic catalog row for prototype,2026-09-16
MAT0121,Aggregate,10 mm Aggregate,Generic,Generic 10 mm Aggregate Standard,https://images.unsplash.com/photo-1516939884455-1445c8652f83?auto=format&fit=crop&w=900&q=80,,IS 383,Standard,Standard,,Standard,Cu Ft,1 cu ft,517.85,466.07,595.53,Verify current GST,5,5,Concrete and RCC,Suitable for standard construction applications,"Verify grade, compatibility and supplier quality before purchase",Check local supplier,India,Indicative demo/reference price,Synthetic catalog row for prototype,2026-09-16
MAT0122,Aggregate,20 mm Aggregate,Local Quarry,Local Quarry 20 mm Aggregate Standard,https://images.unsplash.com/photo-1516939884455-1445c8652f83?auto=format&fit=crop&w=900&q=80,,IS 383,Standard,Standard,,Standard,Tonne,1 tonne,882.99,794.69,1015.44,Verify current GST,5,4,Concrete and RCC,Suitable for standard construction applications,"Verify grade, compatibility and supplier quality before purchase",Check local supplier,India,Indicative demo/reference price,Synthetic catalog row for prototype,2026-09-16
MAT0123,Aggregate,40 mm Aggregate,Generic,Generic 40 mm Aggregate Standard,https://images.unsplash.com/photo-1516939884455-1445c8652f83?auto=format&fit=crop&w=900&q=80,,IS 383,Standard,Standard,,Standard,Cu Ft,1 cu ft,2026.61,1823.95,2330.6,Verify current GST,3,5,Concrete and RCC,Suitable for standard construction applications,"Verify grade, compatibility and supplier quality before purchase",Check local supplier,India,Indicative demo/reference price,Synthetic catalog row for prototype,2026-09-16
MAT0124,Aggregate,Stone Dust,Local Quarry,Local Quarry Stone Dust Standard,https://images.unsplash.com/photo-1516939884455-1445c8652f83?auto=format&fit=crop&w=900&q=80,,IS 383,Standard,Standard,,Standard,Tonne,1 tonne,225.91,203.32,259.8,Verify current GST,5,4,Concrete and RCC,Suitable for standard construction applications,"Verify grade, compatibility and supplier quality before purchase",Check local supplier,India,Indicative demo/reference price,Synthetic catalog row for prototype,2026-09-16
MAT0125,Aggregate,10 mm Aggregate,Generic,Generic 10 mm Aggregate Standard,https://images.unsplash.com/photo-1516939884455-1445c8652f83?auto=format&fit=crop&w=900&q=80,,IS 383,Standard,Standard,,Standard,Cu Ft,1 cu ft,436.63,392.97,502.12,Verify current GST,4,5,Concrete and RCC,Suitable for standard construction applications,"Verify grade, compatibility and supplier quality before purchase",Check local supplier,India,Indicative demo/reference price,Synthetic catalog row for prototype,2026-09-16
MAT0126,Aggregate,20 mm Aggregate,Local Quarry,Local Quarry 20 mm Aggregate Standard,https://images.unsplash.com/photo-1516939884455-1445c8652f83?auto=format&fit=crop&w=900&q=80,,IS 383,Standard,Standard,,Standard,Tonne,1 tonne,501.13,451.02,576.3,Verify current GST,4,4,Concrete and RCC,Suitable for standard construction applications,"Verify grade, compatibility and supplier quality before purchase",Check local supplier,India,Indicative demo/reference price,Synthetic catalog row for prototype,2026-09-16
MAT0127,Aggregate,40 mm Aggregate,Generic,Generic 40 mm Aggregate Standard,https://images.unsplash.com/photo-1516939884455-1445c8652f83?auto=format&fit=crop&w=900&q=80,,IS 383,Standard,Standard,,Standard,Cu Ft,1 cu ft,644.64,580.18,741.34,Verify current GST,5,4,Concrete and RCC,Suitable for standard construction applications,"Verify grade, compatibility and supplier quality before purchase",Check local supplier,India,Indicative demo/reference price,Synthetic catalog row for prototype,2026-09-16
MAT0128,Aggregate,Stone Dust,Local Quarry,Local Quarry Stone Dust Standard,https://images.unsplash.com/photo-1516939884455-1445c8652f83?auto=format&fit=crop&w=900&q=80,,IS 383,Standard,Standard,,Standard,Tonne,1 tonne,1058.51,952.66,1217.29,Verify current GST,3,4,Concrete and RCC,Suitable for standard construction applications,"Verify grade, compatibility and supplier quality before purchase",Check local supplier,India,Indicative demo/reference price,Synthetic catalog row for prototype,2026-09-16
MAT0129,Aggregate,10 mm Aggregate,Generic,Generic 10 mm Aggregate Standard,https://images.unsplash.com/photo-1516939884455-1445c8652f83?auto=format&fit=crop&w=900&q=80,,IS 383,Standard,Standard,,Standard,Cu Ft,1 cu ft,1446.06,1301.45,1662.97,Verify current GST,3,3,Concrete and RCC,Suitable for standard construction applications,"Verify grade, compatibility and supplier quality before purchase",Check local supplier,India,Indicative demo/reference price,Synthetic catalog row for prototype,2026-09-16
MAT0130,Aggregate,20 mm Aggregate,Local Quarry,Local Quarry 20 mm Aggregate Standard,https://images.unsplash.com/photo-1516939884455-1445c8652f83?auto=format&fit=crop&w=900&q=80,,IS 383,Standard,Standard,,Standard,Tonne,1 tonne,474.62,427.16,545.81,Verify current GST,3,4,Concrete and RCC,Suitable for standard construction applications,"Verify grade, compatibility and supplier quality before purchase",Check local supplier,India,Indicative demo/reference price,Synthetic catalog row for prototype,2026-09-16
MAT0131,Aggregate,40 mm Aggregate,Generic,Generic 40 mm Aggregate Standard,https://images.unsplash.com/photo-1516939884455-1445c8652f83?auto=format&fit=crop&w=900&q=80,,IS 383,Standard,Standard,,Standard,Cu Ft,1 cu ft,317.01,285.31,364.56,Verify current GST,3,4,Concrete and RCC,Suitable for standard construction applications,"Verify grade, compatibility and supplier quality before purchase",Check local supplier,India,Indicative demo/reference price,Synthetic catalog row for prototype,2026-09-16
MAT0132,Aggregate,Stone Dust,Local Quarry,Local Quarry Stone Dust Standard,https://images.unsplash.com/photo-1516939884455-1445c8652f83?auto=format&fit=crop&w=900&q=80,,IS 383,Standard,Standard,,Standard,Tonne,1 tonne,1552.35,1397.12,1785.2,Verify current GST,4,4,Concrete and RCC,Suitable for standard construction applications,"Verify grade, compatibility and supplier quality before purchase",Check local supplier,India,Indicative demo/reference price,Synthetic catalog row for prototype,2026-09-16
MAT0133,Aggregate,10 mm Aggregate,Generic,Generic 10 mm Aggregate Standard,https://images.unsplash.com/photo-1516939884455-1445c8652f83?auto=format&fit=crop&w=900&q=80,,IS 383,Standard,Standard,,Standard,Cu Ft,1 cu ft,1721.14,1549.03,1979.31,Verify current GST,4,4,Concrete and RCC,Suitable for standard construction applications,"Verify grade, compatibility and supplier quality before purchase",Check local supplier,India,Indicative demo/reference price,Synthetic catalog row for prototype,2026-09-16
MAT0134,Aggregate,20 mm Aggregate,Local Quarry,Local Quarry 20 mm Aggregate Standard,https://images.unsplash.com/photo-1516939884455-1445c8652f83?auto=format&fit=crop&w=900&q=80,,IS 383,Standard,Standard,,Standard,Tonne,1 tonne,1292.07,1162.86,1485.88,Verify current GST,4,5,Concrete and RCC,Suitable for standard construction applications,"Verify grade, compatibility and supplier quality before purchase",Check local supplier,India,Indicative demo/reference price,Synthetic catalog row for prototype,2026-09-16
MAT0135,Aggregate,40 mm Aggregate,Generic,Generic 40 mm Aggregate Standard,https://images.unsplash.com/photo-1516939884455-1445c8652f83?auto=format&fit=crop&w=900&q=80,,IS 383,Standard,Standard,,Standard,Cu Ft,1 cu ft,2073.87,1866.48,2384.95,Verify current GST,4,3,Concrete and RCC,Suitable for standard construction applications,"Verify grade, compatibility and supplier quality before purchase",Check local supplier,India,Indicative demo/reference price,Synthetic catalog row for prototype,2026-09-16
MAT0136,Aggregate,Stone Dust,Local Quarry,Local Quarry Stone Dust Standard,https://images.unsplash.com/photo-1516939884455-1445c8652f83?auto=format&fit=crop&w=900&q=80,,IS 383,Standard,Standard,,Standard,Tonne,1 tonne,264.6,238.14,304.29,Verify current GST,4,3,Concrete and RCC,Suitable for standard construction applications,"Verify grade, compatibility and supplier quality before purchase",Check local supplier,India,Indicative demo/reference price,Synthetic catalog row for prototype,2026-09-16
MAT0137,Aggregate,10 mm Aggregate,Generic,Generic 10 mm Aggregate Standard,https://images.unsplash.com/photo-1516939884455-1445c8652f83?auto=format&fit=crop&w=900&q=80,,IS 383,Standard,Standard,,Standard,Cu Ft,1 cu ft,793.22,713.9,912.2,Verify current GST,5,4,Concrete and RCC,Suitable for standard construction applications,"Verify grade, compatibility and supplier quality before purchase",Check local supplier,India,Indicative demo/reference price,Synthetic catalog row for prototype,2026-09-16
MAT0138,Aggregate,20 mm Aggregate,Local Quarry,Local Quarry 20 mm Aggregate Standard,https://images.unsplash.com/photo-1516939884455-1445c8652f83?auto=format&fit=crop&w=900&q=80,,IS 383,Standard,Standard,,Standard,Tonne,1 tonne,1135.35,1021.81,1305.65,Verify current GST,4,3,Concrete and RCC,Suitable for standard construction applications,"Verify grade, compatibility and supplier quality before purchase",Check local supplier,India,Indicative demo/reference price,Synthetic catalog row for prototype,2026-09-16
MAT0139,Aggregate,40 mm Aggregate,Generic,Generic 40 mm Aggregate Standard,https://images.unsplash.com/photo-1516939884455-1445c8652f83?auto=format&fit=crop&w=900&q=80,,IS 383,Standard,Standard,,Standard,Cu Ft,1 cu ft,1817.12,1635.41,2089.69,Verify current GST,3,5,Concrete and RCC,Suitable for standard construction applications,"Verify grade, compatibility and supplier quality before purchase",Check local supplier,India,Indicative demo/reference price,Synthetic catalog row for prototype,2026-09-16
MAT0140,Aggregate,Stone Dust,Local Quarry,Local Quarry Stone Dust Standard,https://images.unsplash.com/photo-1516939884455-1445c8652f83?auto=format&fit=crop&w=900&q=80,,IS 383,Standard,Standard,,Standard,Tonne,1 tonne,1414.69,1273.22,1626.89,Verify current GST,5,4,Concrete and RCC,Suitable for standard construction applications,"Verify grade, compatibility and supplier quality before purchase",Check local supplier,India,Indicative demo/reference price,Synthetic catalog row for prototype,2026-09-16
MAT0141,Aggregate,10 mm Aggregate,Generic,Generic 10 mm Aggregate Standard,https://images.unsplash.com/photo-1516939884455-1445c8652f83?auto=format&fit=crop&w=900&q=80,,IS 383,Standard,Standard,,Standard,Cu Ft,1 cu ft,424.58,382.12,488.27,Verify current GST,4,5,Concrete and RCC,Suitable for standard construction applications,"Verify grade, compatibility and supplier quality before purchase",Check local supplier,India,Indicative demo/reference price,Synthetic catalog row for prototype,2026-09-16
MAT0142,Aggregate,20 mm Aggregate,Local Quarry,Local Quarry 20 mm Aggregate Standard,https://images.unsplash.com/photo-1516939884455-1445c8652f83?auto=format&fit=crop&w=900&q=80,,IS 383,Standard,Standard,,Standard,Tonne,1 tonne,983.66,885.29,1131.21,Verify current GST,4,4,Concrete and RCC,Suitable for standard construction applications,"Verify grade, compatibility and supplier quality before purchase",Check local supplier,India,Indicative demo/reference price,Synthetic catalog row for prototype,2026-09-16
MAT0143,Aggregate,40 mm Aggregate,Generic,Generic 40 mm Aggregate Standard,https://images.unsplash.com/photo-1516939884455-1445c8652f83?auto=format&fit=crop&w=900&q=80,,IS 383,Standard,Standard,,Standard,Cu Ft,1 cu ft,1835.23,1651.71,2110.51,Verify current GST,3,4,Concrete and RCC,Suitable for standard construction applications,"Verify grade, compatibility and supplier quality before purchase",Check local supplier,India,Indicative demo/reference price,Synthetic catalog row for prototype,2026-09-16
MAT0144,Aggregate,Stone Dust,Local Quarry,Local Quarry Stone Dust Standard,https://images.unsplash.com/photo-1516939884455-1445c8652f83?auto=format&fit=crop&w=900&q=80,,IS 383,Standard,Standard,,Standard,Tonne,1 tonne,570.53,513.48,656.11,Verify current GST,5,5,Concrete and RCC,Suitable for standard construction applications,"Verify grade, compatibility and supplier quality before purchase",Check local supplier,India,Indicative demo/reference price,Synthetic catalog row for prototype,2026-09-16
MAT0145,Aggregate,10 mm Aggregate,Generic,Generic 10 mm Aggregate Standard,https://images.unsplash.com/photo-1516939884455-1445c8652f83?auto=format&fit=crop&w=900&q=80,,IS 383,Standard,Standard,,Standard,Cu Ft,1 cu ft,106.85,96.16,122.88,Verify current GST,4,4,Concrete and RCC,Suitable for standard construction applications,"Verify grade, compatibility and supplier quality before purchase",Check local supplier,India,Indicative demo/reference price,Synthetic catalog row for prototype,2026-09-16
MAT0146,Aggregate,20 mm Aggregate,Local Quarry,Local Quarry 20 mm Aggregate Standard,https://images.unsplash.com/photo-1516939884455-1445c8652f83?auto=format&fit=crop&w=900&q=80,,IS 383,Standard,Standard,,Standard,Tonne,1 tonne,502.12,451.91,577.44,Verify current GST,4,4,Concrete and RCC,Suitable for standard construction applications,"Verify grade, compatibility and supplier quality before purchase",Check local supplier,India,Indicative demo/reference price,Synthetic catalog row for prototype,2026-09-16
MAT0147,Aggregate,40 mm Aggregate,Generic,Generic 40 mm Aggregate Standard,https://images.unsplash.com/photo-1516939884455-1445c8652f83?auto=format&fit=crop&w=900&q=80,,IS 383,Standard,Standard,,Standard,Cu Ft,1 cu ft,1942.09,1747.88,2233.4,Verify current GST,4,3,Concrete and RCC,Suitable for standard construction applications,"Verify grade, compatibility and supplier quality before purchase",Check local supplier,India,Indicative demo/reference price,Synthetic catalog row for prototype,2026-09-16
MAT0148,Aggregate,Stone Dust,Local Quarry,Local Quarry Stone Dust Standard,https://images.unsplash.com/photo-1516939884455-1445c8652f83?auto=format&fit=crop&w=900&q=80,,IS 383,Standard,Standard,,Standard,Tonne,1 tonne,229.5,206.55,263.92,Verify current GST,5,5,Concrete and RCC,Suitable for standard construction applications,"Verify grade, compatibility and supplier quality before purchase",Check local supplier,India,Indicative demo/reference price,Synthetic catalog row for prototype,2026-09-16
MAT0149,Aggregate,10 mm Aggregate,Generic,Generic 10 mm Aggregate Standard,https://images.unsplash.com/photo-1516939884455-1445c8652f83?auto=format&fit=crop&w=900&q=80,,IS 383,Standard,Standard,,Standard,Cu Ft,1 cu ft,1533.26,1379.93,1763.25,Verify current GST,5,5,Concrete and RCC,Suitable for standard construction applications,"Verify grade, compatibility and supplier quality before purchase",Check local supplier,India,Indicative demo/reference price,Synthetic catalog row for prototype,2026-09-16
MAT0150,Aggregate,20 mm Aggregate,Local Quarry,Local Quarry 20 mm Aggregate Standard,https://images.unsplash.com/photo-1516939884455-1445c8652f83?auto=format&fit=crop&w=900&q=80,,IS 383,Standard,Standard,,Standard,Tonne,1 tonne,245.53,220.98,282.36,Verify current GST,4,5,Concrete and RCC,Suitable for standard construction applications,"Verify grade, compatibility and supplier quality before purchase",Check local supplier,India,Indicative demo/reference price,Synthetic catalog row for prototype,2026-09-16
MAT0151,Tiles,Vitrified Floor Tile,Kajaria,Kajaria Vitrified Floor Tile 300x300 mm,https://images.unsplash.com/photo-1600566753190-17f0baa2a6c3?auto=format&fit=crop&w=900&q=80,https://www.kajariaceramics.com/,600x600 mm,Standard,300x300 mm,,Natural,Sq Ft,1 sq ft,91.65,82.49,105.4,Verify current GST,4,5,"Flooring, walls and outdoor surfaces",Suitable for standard construction applications,"Verify grade, compatibility and supplier quality before purchase",Check local supplier,India,Indicative demo/reference price,Synthetic catalog row for prototype,2026-09-16
MAT0152,Tiles,Glazed Vitrified Tile,Somany,Somany Glazed Vitrified Tile 300x450 mm,https://images.unsplash.com/photo-1600566753190-17f0baa2a6c3?auto=format&fit=crop&w=900&q=80,https://www.somanyceramics.com/,600x1200 mm,Standard,300x450 mm,,Multiple,Sq Ft,4 sq ft,113.72,102.35,130.78,Verify current GST,4,4,"Flooring, walls and outdoor surfaces",Suitable for standard construction applications,"Verify grade, compatibility and supplier quality before purchase",Check local supplier,India,Indicative demo/reference price,Synthetic catalog row for prototype,2026-09-16
MAT0153,Tiles,Ceramic Wall Tile,Orientbell,Orientbell Ceramic Wall Tile 600x600 mm,https://images.unsplash.com/photo-1600566753190-17f0baa2a6c3?auto=format&fit=crop&w=900&q=80,https://www.orientbell.com/,300x450 mm,Standard,600x600 mm,,White,Sq Ft,1 sq ft,85.12,76.61,97.89,Verify current GST,4,4,"Flooring, walls and outdoor surfaces",Suitable for standard construction applications,"Verify grade, compatibility and supplier quality before purchase",Check local supplier,India,Indicative demo/reference price,Synthetic catalog row for prototype,2026-09-16
MAT0154,Tiles,Outdoor Tile,Asian Granito,Asian Granito Outdoor Tile 600x1200 mm,https://images.unsplash.com/photo-1600566753190-17f0baa2a6c3?auto=format&fit=crop&w=900&q=80,https://aglasiangranito.com/,300x300 mm,Standard,600x1200 mm,,Beige,Sq Ft,4 sq ft,168.44,151.6,193.71,Verify current GST,4,3,"Flooring, walls and outdoor surfaces",Suitable for standard construction applications,"Verify grade, compatibility and supplier quality before purchase",Check local supplier,India,Indicative demo/reference price,Synthetic catalog row for prototype,2026-09-16
MAT0155,Tiles,Parking Tile,Kajaria,Kajaria Parking Tile 800x1600 mm,https://images.unsplash.com/photo-1600566753190-17f0baa2a6c3?auto=format&fit=crop&w=900&q=80,https://www.kajariaceramics.com/,400x400 mm,Standard,800x1600 mm,,Black,Sq Ft,1 sq ft,70.44,63.4,81.01,Verify current GST,5,4,"Flooring, walls and outdoor surfaces",Suitable for standard construction applications,"Verify grade, compatibility and supplier quality before purchase",Check local supplier,India,Indicative demo/reference price,Synthetic catalog row for prototype,2026-09-16
MAT0156,Tiles,Vitrified Floor Tile,Somany,Somany Vitrified Floor Tile 300x300 mm,https://images.unsplash.com/photo-1600566753190-17f0baa2a6c3?auto=format&fit=crop&w=900&q=80,https://www.somanyceramics.com/,600x600 mm,Standard,300x300 mm,,Brown,Sq Ft,4 sq ft,216.39,194.75,248.85,Verify current GST,4,4,"Flooring, walls and outdoor surfaces",Suitable for standard construction applications,"Verify grade, compatibility and supplier quality before purchase",Check local supplier,India,Indicative demo/reference price,Synthetic catalog row for prototype,2026-09-16
MAT0157,Tiles,Glazed Vitrified Tile,Orientbell,Orientbell Glazed Vitrified Tile 300x450 mm,https://images.unsplash.com/photo-1600566753190-17f0baa2a6c3?auto=format&fit=crop&w=900&q=80,https://www.orientbell.com/,600x1200 mm,Standard,300x450 mm,,Beige,Sq Ft,1 sq ft,101.76,91.58,117.02,Verify current GST,4,3,"Flooring, walls and outdoor surfaces",Suitable for standard construction applications,"Verify grade, compatibility and supplier quality before purchase",Check local supplier,India,Indicative demo/reference price,Synthetic catalog row for prototype,2026-09-16
MAT0158,Tiles,Ceramic Wall Tile,Asian Granito,Asian Granito Ceramic Wall Tile 600x600 mm,https://images.unsplash.com/photo-1600566753190-17f0baa2a6c3?auto=format&fit=crop&w=900&q=80,https://aglasiangranito.com/,300x450 mm,Standard,600x600 mm,,Beige,Sq Ft,4 sq ft,85.75,77.17,98.61,Verify current GST,3,4,"Flooring, walls and outdoor surfaces",Suitable for standard construction applications,"Verify grade, compatibility and supplier quality before purchase",Check local supplier,India,Indicative demo/reference price,Synthetic catalog row for prototype,2026-09-16
MAT0159,Tiles,Outdoor Tile,Kajaria,Kajaria Outdoor Tile 600x1200 mm,https://images.unsplash.com/photo-1600566753190-17f0baa2a6c3?auto=format&fit=crop&w=900&q=80,https://www.kajariaceramics.com/,300x300 mm,Standard,600x1200 mm,,Grey,Sq Ft,1 sq ft,153.01,137.71,175.96,Verify current GST,5,3,"Flooring, walls and outdoor surfaces",Suitable for standard construction applications,"Verify grade, compatibility and supplier quality before purchase",Check local supplier,India,Indicative demo/reference price,Synthetic catalog row for prototype,2026-09-16
MAT0160,Tiles,Parking Tile,Somany,Somany Parking Tile 800x1600 mm,https://images.unsplash.com/photo-1600566753190-17f0baa2a6c3?auto=format&fit=crop&w=900&q=80,https://www.somanyceramics.com/,400x400 mm,Standard,800x1600 mm,,Multiple,Sq Ft,4 sq ft,141.2,127.08,162.38,Verify current GST,5,5,"Flooring, walls and outdoor surfaces",Suitable for standard construction applications,"Verify grade, compatibility and supplier quality before purchase",Check local supplier,India,Indicative demo/reference price,Synthetic catalog row for prototype,2026-09-16
MAT0161,Tiles,Vitrified Floor Tile,Orientbell,Orientbell Vitrified Floor Tile 300x300 mm,https://images.unsplash.com/photo-1600566753190-17f0baa2a6c3?auto=format&fit=crop&w=900&q=80,https://www.orientbell.com/,600x600 mm,Standard,300x300 mm,,Multiple,Sq Ft,1 sq ft,98.03,88.23,112.73,Verify current GST,3,4,"Flooring, walls and outdoor surfaces",Suitable for standard construction applications,"Verify grade, compatibility and supplier quality before purchase",Check local supplier,India,Indicative demo/reference price,Synthetic catalog row for prototype,2026-09-16
MAT0162,Tiles,Glazed Vitrified Tile,Asian Granito,Asian Granito Glazed Vitrified Tile 300x450 mm,https://images.unsplash.com/photo-1600566753190-17f0baa2a6c3?auto=format&fit=crop&w=900&q=80,https://aglasiangranito.com/,600x1200 mm,Standard,300x450 mm,,Multiple,Sq Ft,4 sq ft,56.11,50.5,64.53,Verify current GST,3,5,"Flooring, walls and outdoor surfaces",Suitable for standard construction applications,"Verify grade, compatibility and supplier quality before purchase",Check local supplier,India,Indicative demo/reference price,Synthetic catalog row for prototype,2026-09-16
MAT0163,Tiles,Ceramic Wall Tile,Kajaria,Kajaria Ceramic Wall Tile 600x600 mm,https://images.unsplash.com/photo-1600566753190-17f0baa2a6c3?auto=format&fit=crop&w=900&q=80,https://www.kajariaceramics.com/,300x450 mm,Standard,600x600 mm,,Beige,Sq Ft,1 sq ft,48.71,43.84,56.02,Verify current GST,3,4,"Flooring, walls and outdoor surfaces",Suitable for standard construction applications,"Verify grade, compatibility and supplier quality before purchase",Check local supplier,India,Indicative demo/reference price,Synthetic catalog row for prototype,2026-09-16
MAT0164,Tiles,Outdoor Tile,Somany,Somany Outdoor Tile 600x1200 mm,https://images.unsplash.com/photo-1600566753190-17f0baa2a6c3?auto=format&fit=crop&w=900&q=80,https://www.somanyceramics.com/,300x300 mm,Standard,600x1200 mm,,Brown,Sq Ft,4 sq ft,185.06,166.55,212.82,Verify current GST,4,3,"Flooring, walls and outdoor surfaces",Suitable for standard construction applications,"Verify grade, compatibility and supplier quality before purchase",Check local supplier,India,Indicative demo/reference price,Synthetic catalog row for prototype,2026-09-16
MAT0165,Tiles,Parking Tile,Orientbell,Orientbell Parking Tile 800x1600 mm,https://images.unsplash.com/photo-1600566753190-17f0baa2a6c3?auto=format&fit=crop&w=900&q=80,https://www.orientbell.com/,400x400 mm,Standard,800x1600 mm,,Silver,Sq Ft,1 sq ft,56.91,51.22,65.45,Verify current GST,5,4,"Flooring, walls and outdoor surfaces",Suitable for standard construction applications,"Verify grade, compatibility and supplier quality before purchase",Check local supplier,India,Indicative demo/reference price,Synthetic catalog row for prototype,2026-09-16
MAT0166,Tiles,Vitrified Floor Tile,Asian Granito,Asian Granito Vitrified Floor Tile 300x300 mm,https://images.unsplash.com/photo-1600566753190-17f0baa2a6c3?auto=format&fit=crop&w=900&q=80,https://aglasiangranito.com/,600x600 mm,Standard,300x300 mm,,Silver,Sq Ft,4 sq ft,118.35,106.52,136.1,Verify current GST,5,4,"Flooring, walls and outdoor surfaces",Suitable for standard construction applications,"Verify grade, compatibility and supplier quality before purchase",Check local supplier,India,Indicative demo/reference price,Synthetic catalog row for prototype,2026-09-16
MAT0167,Tiles,Glazed Vitrified Tile,Kajaria,Kajaria Glazed Vitrified Tile 300x450 mm,https://images.unsplash.com/photo-1600566753190-17f0baa2a6c3?auto=format&fit=crop&w=900&q=80,https://www.kajariaceramics.com/,600x1200 mm,Standard,300x450 mm,,Brown,Sq Ft,1 sq ft,91.5,82.35,105.22,Verify current GST,3,3,"Flooring, walls and outdoor surfaces",Suitable for standard construction applications,"Verify grade, compatibility and supplier quality before purchase",Check local supplier,India,Indicative demo/reference price,Synthetic catalog row for prototype,2026-09-16
MAT0168,Tiles,Ceramic Wall Tile,Somany,Somany Ceramic Wall Tile 600x600 mm,https://images.unsplash.com/photo-1600566753190-17f0baa2a6c3?auto=format&fit=crop&w=900&q=80,https://www.somanyceramics.com/,300x450 mm,Standard,600x600 mm,,Beige,Sq Ft,4 sq ft,150.72,135.65,173.33,Verify current GST,4,3,"Flooring, walls and outdoor surfaces",Suitable for standard construction applications,"Verify grade, compatibility and supplier quality before purchase",Check local supplier,India,Indicative demo/reference price,Synthetic catalog row for prototype,2026-09-16
MAT0169,Tiles,Outdoor Tile,Orientbell,Orientbell Outdoor Tile 600x1200 mm,https://images.unsplash.com/photo-1600566753190-17f0baa2a6c3?auto=format&fit=crop&w=900&q=80,https://www.orientbell.com/,300x300 mm,Standard,600x1200 mm,,Grey,Sq Ft,1 sq ft,79.38,71.44,91.29,Verify current GST,3,4,"Flooring, walls and outdoor surfaces",Suitable for standard construction applications,"Verify grade, compatibility and supplier quality before purchase",Check local supplier,India,Indicative demo/reference price,Synthetic catalog row for prototype,2026-09-16
MAT0170,Tiles,Parking Tile,Asian Granito,Asian Granito Parking Tile 800x1600 mm,https://images.unsplash.com/photo-1600566753190-17f0baa2a6c3?auto=format&fit=crop&w=900&q=80,https://aglasiangranito.com/,400x400 mm,Standard,800x1600 mm,,Grey,Sq Ft,4 sq ft,110.58,99.52,127.17,Verify current GST,5,4,"Flooring, walls and outdoor surfaces",Suitable for standard construction applications,"Verify grade, compatibility and supplier quality before purchase",Check local supplier,India,Indicative demo/reference price,Synthetic catalog row for prototype,2026-09-16
MAT0171,Tiles,Vitrified Floor Tile,Kajaria,Kajaria Vitrified Floor Tile 300x300 mm,https://images.unsplash.com/photo-1600566753190-17f0baa2a6c3?auto=format&fit=crop&w=900&q=80,https://www.kajariaceramics.com/,600x600 mm,Standard,300x300 mm,,White,Sq Ft,1 sq ft,77.82,70.04,89.49,Verify current GST,4,5,"Flooring, walls and outdoor surfaces",Suitable for standard construction applications,"Verify grade, compatibility and supplier quality before purchase",Check local supplier,India,Indicative demo/reference price,Synthetic catalog row for prototype,2026-09-16
MAT0172,Tiles,Glazed Vitrified Tile,Somany,Somany Glazed Vitrified Tile 300x450 mm,https://images.unsplash.com/photo-1600566753190-17f0baa2a6c3?auto=format&fit=crop&w=900&q=80,https://www.somanyceramics.com/,600x1200 mm,Standard,300x450 mm,,Silver,Sq Ft,4 sq ft,162.17,145.95,186.5,Verify current GST,4,4,"Flooring, walls and outdoor surfaces",Suitable for standard construction applications,"Verify grade, compatibility and supplier quality before purchase",Check local supplier,India,Indicative demo/reference price,Synthetic catalog row for prototype,2026-09-16
MAT0173,Tiles,Ceramic Wall Tile,Orientbell,Orientbell Ceramic Wall Tile 600x600 mm,https://images.unsplash.com/photo-1600566753190-17f0baa2a6c3?auto=format&fit=crop&w=900&q=80,https://www.orientbell.com/,300x450 mm,Standard,600x600 mm,,Black,Sq Ft,1 sq ft,56.23,50.61,64.66,Verify current GST,4,4,"Flooring, walls and outdoor surfaces",Suitable for standard construction applications,"Verify grade, compatibility and supplier quality before purchase",Check local supplier,India,Indicative demo/reference price,Synthetic catalog row for prototype,2026-09-16
MAT0174,Tiles,Outdoor Tile,Asian Granito,Asian Granito Outdoor Tile 600x1200 mm,https://images.unsplash.com/photo-1600566753190-17f0baa2a6c3?auto=format&fit=crop&w=900&q=80,https://aglasiangranito.com/,300x300 mm,Standard,600x1200 mm,,Beige,Sq Ft,4 sq ft,187.93,169.14,216.12,Verify current GST,3,3,"Flooring, walls and outdoor surfaces",Suitable for standard construction applications,"Verify grade, compatibility and supplier quality before purchase",Check local supplier,India,Indicative demo/reference price,Synthetic catalog row for prototype,2026-09-16
MAT0175,Tiles,Parking Tile,Kajaria,Kajaria Parking Tile 800x1600 mm,https://images.unsplash.com/photo-1600566753190-17f0baa2a6c3?auto=format&fit=crop&w=900&q=80,https://www.kajariaceramics.com/,400x400 mm,Standard,800x1600 mm,,White,Sq Ft,1 sq ft,181.64,163.48,208.89,Verify current GST,4,5,"Flooring, walls and outdoor surfaces",Suitable for standard construction applications,"Verify grade, compatibility and supplier quality before purchase",Check local supplier,India,Indicative demo/reference price,Synthetic catalog row for prototype,2026-09-16
MAT0176,Tiles,Vitrified Floor Tile,Somany,Somany Vitrified Floor Tile 300x300 mm,https://images.unsplash.com/photo-1600566753190-17f0baa2a6c3?auto=format&fit=crop&w=900&q=80,https://www.somanyceramics.com/,600x600 mm,Standard,300x300 mm,,Black,Sq Ft,4 sq ft,121.71,109.54,139.97,Verify current GST,4,5,"Flooring, walls and outdoor surfaces",Suitable for standard construction applications,"Verify grade, compatibility and supplier quality before purchase",Check local supplier,India,Indicative demo/reference price,Synthetic catalog row for prototype,2026-09-16
MAT0177,Tiles,Glazed Vitrified Tile,Orientbell,Orientbell Glazed Vitrified Tile 300x450 mm,https://images.unsplash.com/photo-1600566753190-17f0baa2a6c3?auto=format&fit=crop&w=900&q=80,https://www.orientbell.com/,600x1200 mm,Standard,300x450 mm,,White,Sq Ft,1 sq ft,127.59,114.83,146.73,Verify current GST,5,5,"Flooring, walls and outdoor surfaces",Suitable for standard construction applications,"Verify grade, compatibility and supplier quality before purchase",Check local supplier,India,Indicative demo/reference price,Synthetic catalog row for prototype,2026-09-16
MAT0178,Tiles,Ceramic Wall Tile,Asian Granito,Asian Granito Ceramic Wall Tile 600x600 mm,https://images.unsplash.com/photo-1600566753190-17f0baa2a6c3?auto=format&fit=crop&w=900&q=80,https://aglasiangranito.com/,300x450 mm,Standard,600x600 mm,,Black,Sq Ft,4 sq ft,145.64,131.08,167.49,Verify current GST,5,4,"Flooring, walls and outdoor surfaces",Suitable for standard construction applications,"Verify grade, compatibility and supplier quality before purchase",Check local supplier,India,Indicative demo/reference price,Synthetic catalog row for prototype,2026-09-16
MAT0179,Tiles,Outdoor Tile,Kajaria,Kajaria Outdoor Tile 600x1200 mm,https://images.unsplash.com/photo-1600566753190-17f0baa2a6c3?auto=format&fit=crop&w=900&q=80,https://www.kajariaceramics.com/,300x300 mm,Standard,600x1200 mm,,Black,Sq Ft,1 sq ft,39.79,35.81,45.76,Verify current GST,4,3,"Flooring, walls and outdoor surfaces",Suitable for standard construction applications,"Verify grade, compatibility and supplier quality before purchase",Check local supplier,India,Indicative demo/reference price,Synthetic catalog row for prototype,2026-09-16
MAT0180,Tiles,Parking Tile,Somany,Somany Parking Tile 800x1600 mm,https://images.unsplash.com/photo-1600566753190-17f0baa2a6c3?auto=format&fit=crop&w=900&q=80,https://www.somanyceramics.com/,400x400 mm,Standard,800x1600 mm,,Multiple,Sq Ft,4 sq ft,141.61,127.45,162.85,Verify current GST,4,5,"Flooring, walls and outdoor surfaces",Suitable for standard construction applications,"Verify grade, compatibility and supplier quality before purchase",Check local supplier,India,Indicative demo/reference price,Synthetic catalog row for prototype,2026-09-16
MAT0181,Sanitaryware,One Piece WC,Cera,Cera One Piece WC Standard,https://images.unsplash.com/photo-1584622650111-993a426fbf0a?auto=format&fit=crop&w=900&q=80,https://www.cera-india.com/,Ceramic,Standard,Standard,,Multiple,Piece,1 piece,15541.09,13986.98,17872.25,Verify current GST,4,5,Bathrooms and wash areas,Suitable for standard construction applications,"Verify grade, compatibility and supplier quality before purchase",Check local supplier,India,Indicative demo/reference price,Synthetic catalog row for prototype,2026-09-16
MAT0182,Sanitaryware,Two Piece WC,Hindware,Hindware Two Piece WC Standard,https://images.unsplash.com/photo-1584622650111-993a426fbf0a?auto=format&fit=crop&w=900&q=80,https://hindware.com/,Vitreous China,Standard,Standard,,Silver,Piece,1 piece,16335.83,14702.25,18786.2,Verify current GST,5,4,Bathrooms and wash areas,Suitable for standard construction applications,"Verify grade, compatibility and supplier quality before purchase",Check local supplier,India,Indicative demo/reference price,Synthetic catalog row for prototype,2026-09-16
MAT0183,Sanitaryware,Wash Basin,Jaquar,Jaquar Wash Basin Standard,https://images.unsplash.com/photo-1584622650111-993a426fbf0a?auto=format&fit=crop&w=900&q=80,https://www.jaquar.com/,Ceramic,Standard,Standard,,Natural,Piece,1 piece,6799.63,6119.67,7819.57,Verify current GST,3,4,Bathrooms and wash areas,Suitable for standard construction applications,"Verify grade, compatibility and supplier quality before purchase",Check local supplier,India,Indicative demo/reference price,Synthetic catalog row for prototype,2026-09-16
MAT0184,Sanitaryware,Urinal,Parryware,Parryware Urinal Standard,https://images.unsplash.com/photo-1584622650111-993a426fbf0a?auto=format&fit=crop&w=900&q=80,https://www.parryware.in/,Vitreous China,Standard,Standard,,Silver,Piece,1 piece,7974.68,7177.21,9170.88,Verify current GST,5,4,Bathrooms and wash areas,Suitable for standard construction applications,"Verify grade, compatibility and supplier quality before purchase",Check local supplier,India,Indicative demo/reference price,Synthetic catalog row for prototype,2026-09-16
MAT0185,Sanitaryware,Counter Basin,Cera,Cera Counter Basin Standard,https://images.unsplash.com/photo-1584622650111-993a426fbf0a?auto=format&fit=crop&w=900&q=80,https://www.cera-india.com/,Ceramic,Standard,Standard,,White,Piece,1 piece,14003.49,12603.14,16104.01,Verify current GST,3,5,Bathrooms and wash areas,Suitable for standard construction applications,"Verify grade, compatibility and supplier quality before purchase",Check local supplier,India,Indicative demo/reference price,Synthetic catalog row for prototype,2026-09-16
MAT0186,Sanitaryware,One Piece WC,Hindware,Hindware One Piece WC Standard,https://images.unsplash.com/photo-1584622650111-993a426fbf0a?auto=format&fit=crop&w=900&q=80,https://hindware.com/,Vitreous China,Standard,Standard,,Silver,Piece,1 piece,6517.76,5865.98,7495.42,Verify current GST,4,3,Bathrooms and wash areas,Suitable for standard construction applications,"Verify grade, compatibility and supplier quality before purchase",Check local supplier,India,Indicative demo/reference price,Synthetic catalog row for prototype,2026-09-16
MAT0187,Sanitaryware,Two Piece WC,Jaquar,Jaquar Two Piece WC Standard,https://images.unsplash.com/photo-1584622650111-993a426fbf0a?auto=format&fit=crop&w=900&q=80,https://www.jaquar.com/,Ceramic,Standard,Standard,,Silver,Piece,1 piece,14773.66,13296.29,16989.71,Verify current GST,3,5,Bathrooms and wash areas,Suitable for standard construction applications,"Verify grade, compatibility and supplier quality before purchase",Check local supplier,India,Indicative demo/reference price,Synthetic catalog row for prototype,2026-09-16
MAT0188,Sanitaryware,Wash Basin,Parryware,Parryware Wash Basin Standard,https://images.unsplash.com/photo-1584622650111-993a426fbf0a?auto=format&fit=crop&w=900&q=80,https://www.parryware.in/,Vitreous China,Standard,Standard,,Multiple,Piece,1 piece,2613.06,2351.75,3005.02,Verify current GST,4,5,Bathrooms and wash areas,Suitable for standard construction applications,"Verify grade, compatibility and supplier quality before purchase",Check local supplier,India,Indicative demo/reference price,Synthetic catalog row for prototype,2026-09-16
MAT0189,Sanitaryware,Urinal,Cera,Cera Urinal Standard,https://images.unsplash.com/photo-1584622650111-993a426fbf0a?auto=format&fit=crop&w=900&q=80,https://www.cera-india.com/,Ceramic,Standard,Standard,,Beige,Piece,1 piece,13199.86,11879.87,15179.84,Verify current GST,4,4,Bathrooms and wash areas,Suitable for standard construction applications,"Verify grade, compatibility and supplier quality before purchase",Check local supplier,India,Indicative demo/reference price,Synthetic catalog row for prototype,2026-09-16
MAT0190,Sanitaryware,Counter Basin,Hindware,Hindware Counter Basin Standard,https://images.unsplash.com/photo-1584622650111-993a426fbf0a?auto=format&fit=crop&w=900&q=80,https://hindware.com/,Vitreous China,Standard,Standard,,White,Piece,1 piece,15715.09,14143.58,18072.35,Verify current GST,5,5,Bathrooms and wash areas,Suitable for standard construction applications,"Verify grade, compatibility and supplier quality before purchase",Check local supplier,India,Indicative demo/reference price,Synthetic catalog row for prototype,2026-09-16
MAT0191,Sanitaryware,One Piece WC,Jaquar,Jaquar One Piece WC Standard,https://images.unsplash.com/photo-1584622650111-993a426fbf0a?auto=format&fit=crop&w=900&q=80,https://www.jaquar.com/,Ceramic,Standard,Standard,,Black,Piece,1 piece,2233.04,2009.74,2568.0,Verify current GST,4,4,Bathrooms and wash areas,Suitable for standard construction applications,"Verify grade, compatibility and supplier quality before purchase",Check local supplier,India,Indicative demo/reference price,Synthetic catalog row for prototype,2026-09-16
MAT0192,Sanitaryware,Two Piece WC,Parryware,Parryware Two Piece WC Standard,https://images.unsplash.com/photo-1584622650111-993a426fbf0a?auto=format&fit=crop&w=900&q=80,https://www.parryware.in/,Vitreous China,Standard,Standard,,Brown,Piece,1 piece,10062.59,9056.33,11571.98,Verify current GST,5,3,Bathrooms and wash areas,Suitable for standard construction applications,"Verify grade, compatibility and supplier quality before purchase",Check local supplier,India,Indicative demo/reference price,Synthetic catalog row for prototype,2026-09-16
MAT0193,Sanitaryware,Wash Basin,Cera,Cera Wash Basin Standard,https://images.unsplash.com/photo-1584622650111-993a426fbf0a?auto=format&fit=crop&w=900&q=80,https://www.cera-india.com/,Ceramic,Standard,Standard,,White,Piece,1 piece,16683.86,15015.47,19186.44,Verify current GST,3,5,Bathrooms and wash areas,Suitable for standard construction applications,"Verify grade, compatibility and supplier quality before purchase",Check local supplier,India,Indicative demo/reference price,Synthetic catalog row for prototype,2026-09-16
MAT0194,Sanitaryware,Urinal,Hindware,Hindware Urinal Standard,https://images.unsplash.com/photo-1584622650111-993a426fbf0a?auto=format&fit=crop&w=900&q=80,https://hindware.com/,Vitreous China,Standard,Standard,,Black,Piece,1 piece,11515.65,10364.08,13243.0,Verify current GST,4,5,Bathrooms and wash areas,Suitable for standard construction applications,"Verify grade, compatibility and supplier quality before purchase",Check local supplier,India,Indicative demo/reference price,Synthetic catalog row for prototype,2026-09-16
MAT0195,Sanitaryware,Counter Basin,Jaquar,Jaquar Counter Basin Standard,https://images.unsplash.com/photo-1584622650111-993a426fbf0a?auto=format&fit=crop&w=900&q=80,https://www.jaquar.com/,Ceramic,Standard,Standard,,Multiple,Piece,1 piece,9433.08,8489.77,10848.04,Verify current GST,4,5,Bathrooms and wash areas,Suitable for standard construction applications,"Verify grade, compatibility and supplier quality before purchase",Check local supplier,India,Indicative demo/reference price,Synthetic catalog row for prototype,2026-09-16
MAT0196,Sanitaryware,One Piece WC,Parryware,Parryware One Piece WC Standard,https://images.unsplash.com/photo-1584622650111-993a426fbf0a?auto=format&fit=crop&w=900&q=80,https://www.parryware.in/,Vitreous China,Standard,Standard,,Beige,Piece,1 piece,16503.67,14853.3,18979.22,Verify current GST,4,5,Bathrooms and wash areas,Suitable for standard construction applications,"Verify grade, compatibility and supplier quality before purchase",Check local supplier,India,Indicative demo/reference price,Synthetic catalog row for prototype,2026-09-16
MAT0197,Sanitaryware,Two Piece WC,Cera,Cera Two Piece WC Standard,https://images.unsplash.com/photo-1584622650111-993a426fbf0a?auto=format&fit=crop&w=900&q=80,https://www.cera-india.com/,Ceramic,Standard,Standard,,Black,Piece,1 piece,7553.79,6798.41,8686.86,Verify current GST,4,3,Bathrooms and wash areas,Suitable for standard construction applications,"Verify grade, compatibility and supplier quality before purchase",Check local supplier,India,Indicative demo/reference price,Synthetic catalog row for prototype,2026-09-16
MAT0198,Sanitaryware,Wash Basin,Hindware,Hindware Wash Basin Standard,https://images.unsplash.com/photo-1584622650111-993a426fbf0a?auto=format&fit=crop&w=900&q=80,https://hindware.com/,Vitreous China,Standard,Standard,,Black,Piece,1 piece,13390.13,12051.12,15398.65,Verify current GST,5,4,Bathrooms and wash areas,Suitable for standard construction applications,"Verify grade, compatibility and supplier quality before purchase",Check local supplier,India,Indicative demo/reference price,Synthetic catalog row for prototype,2026-09-16
MAT0199,Sanitaryware,Urinal,Jaquar,Jaquar Urinal Standard,https://images.unsplash.com/photo-1584622650111-993a426fbf0a?auto=format&fit=crop&w=900&q=80,https://www.jaquar.com/,Ceramic,Standard,Standard,,Multiple,Piece,1 piece,14108.24,12697.42,16224.48,Verify current GST,4,4,Bathrooms and wash areas,Suitable for standard construction applications,"Verify grade, compatibility and supplier quality before purchase",Check local supplier,India,Indicative demo/reference price,Synthetic catalog row for prototype,2026-09-16
MAT0200,Sanitaryware,Counter Basin,Parryware,Parryware Counter Basin Standard,https://images.unsplash.com/photo-1584622650111-993a426fbf0a?auto=format&fit=crop&w=900&q=80,https://www.parryware.in/,Vitreous China,Standard,Standard,,Natural,Piece,1 piece,14778.91,13301.02,16995.75,Verify current GST,5,5,Bathrooms and wash areas,Suitable for standard construction applications,"Verify grade, compatibility and supplier quality before purchase",Check local supplier,India,Indicative demo/reference price,Synthetic catalog row for prototype,2026-09-16
MAT0201,Sanitaryware,One Piece WC,Cera,Cera One Piece WC Standard,https://images.unsplash.com/photo-1584622650111-993a426fbf0a?auto=format&fit=crop&w=900&q=80,https://www.cera-india.com/,Ceramic,Standard,Standard,,Natural,Piece,1 piece,6786.6,6107.94,7804.59,Verify current GST,5,5,Bathrooms and wash areas,Suitable for standard construction applications,"Verify grade, compatibility and supplier quality before purchase",Check local supplier,India,Indicative demo/reference price,Synthetic catalog row for prototype,2026-09-16
MAT0202,Sanitaryware,Two Piece WC,Hindware,Hindware Two Piece WC Standard,https://images.unsplash.com/photo-1584622650111-993a426fbf0a?auto=format&fit=crop&w=900&q=80,https://hindware.com/,Vitreous China,Standard,Standard,,Brown,Piece,1 piece,14844.03,13359.63,17070.63,Verify current GST,4,5,Bathrooms and wash areas,Suitable for standard construction applications,"Verify grade, compatibility and supplier quality before purchase",Check local supplier,India,Indicative demo/reference price,Synthetic catalog row for prototype,2026-09-16
MAT0203,Sanitaryware,Wash Basin,Jaquar,Jaquar Wash Basin Standard,https://images.unsplash.com/photo-1584622650111-993a426fbf0a?auto=format&fit=crop&w=900&q=80,https://www.jaquar.com/,Ceramic,Standard,Standard,,Natural,Piece,1 piece,14640.19,13176.17,16836.22,Verify current GST,5,3,Bathrooms and wash areas,Suitable for standard construction applications,"Verify grade, compatibility and supplier quality before purchase",Check local supplier,India,Indicative demo/reference price,Synthetic catalog row for prototype,2026-09-16
MAT0204,Sanitaryware,Urinal,Parryware,Parryware Urinal Standard,https://images.unsplash.com/photo-1584622650111-993a426fbf0a?auto=format&fit=crop&w=900&q=80,https://www.parryware.in/,Vitreous China,Standard,Standard,,Beige,Piece,1 piece,12970.58,11673.52,14916.17,Verify current GST,5,5,Bathrooms and wash areas,Suitable for standard construction applications,"Verify grade, compatibility and supplier quality before purchase",Check local supplier,India,Indicative demo/reference price,Synthetic catalog row for prototype,2026-09-16
MAT0205,Sanitaryware,Counter Basin,Cera,Cera Counter Basin Standard,https://images.unsplash.com/photo-1584622650111-993a426fbf0a?auto=format&fit=crop&w=900&q=80,https://www.cera-india.com/,Ceramic,Standard,Standard,,Natural,Piece,1 piece,9229.93,8306.94,10614.42,Verify current GST,3,4,Bathrooms and wash areas,Suitable for standard construction applications,"Verify grade, compatibility and supplier quality before purchase",Check local supplier,India,Indicative demo/reference price,Synthetic catalog row for prototype,2026-09-16
MAT0206,Sanitaryware,One Piece WC,Hindware,Hindware One Piece WC Standard,https://images.unsplash.com/photo-1584622650111-993a426fbf0a?auto=format&fit=crop&w=900&q=80,https://hindware.com/,Vitreous China,Standard,Standard,,Multiple,Piece,1 piece,14845.5,13360.95,17072.32,Verify current GST,5,3,Bathrooms and wash areas,Suitable for standard construction applications,"Verify grade, compatibility and supplier quality before purchase",Check local supplier,India,Indicative demo/reference price,Synthetic catalog row for prototype,2026-09-16
MAT0207,Sanitaryware,Two Piece WC,Jaquar,Jaquar Two Piece WC Standard,https://images.unsplash.com/photo-1584622650111-993a426fbf0a?auto=format&fit=crop&w=900&q=80,https://www.jaquar.com/,Ceramic,Standard,Standard,,Beige,Piece,1 piece,2030.21,1827.19,2334.74,Verify current GST,4,5,Bathrooms and wash areas,Suitable for standard construction applications,"Verify grade, compatibility and supplier quality before purchase",Check local supplier,India,Indicative demo/reference price,Synthetic catalog row for prototype,2026-09-16
MAT0208,Sanitaryware,Wash Basin,Parryware,Parryware Wash Basin Standard,https://images.unsplash.com/photo-1584622650111-993a426fbf0a?auto=format&fit=crop&w=900&q=80,https://www.parryware.in/,Vitreous China,Standard,Standard,,Silver,Piece,1 piece,2922.42,2630.18,3360.78,Verify current GST,4,4,Bathrooms and wash areas,Suitable for standard construction applications,"Verify grade, compatibility and supplier quality before purchase",Check local supplier,India,Indicative demo/reference price,Synthetic catalog row for prototype,2026-09-16
MAT0209,Sanitaryware,Urinal,Cera,Cera Urinal Standard,https://images.unsplash.com/photo-1584622650111-993a426fbf0a?auto=format&fit=crop&w=900&q=80,https://www.cera-india.com/,Ceramic,Standard,Standard,,Natural,Piece,1 piece,11547.55,10392.8,13279.68,Verify current GST,4,5,Bathrooms and wash areas,Suitable for standard construction applications,"Verify grade, compatibility and supplier quality before purchase",Check local supplier,India,Indicative demo/reference price,Synthetic catalog row for prototype,2026-09-16
MAT0210,Sanitaryware,Counter Basin,Hindware,Hindware Counter Basin Standard,https://images.unsplash.com/photo-1584622650111-993a426fbf0a?auto=format&fit=crop&w=900&q=80,https://hindware.com/,Vitreous China,Standard,Standard,,White,Piece,1 piece,11201.99,10081.79,12882.29,Verify current GST,5,3,Bathrooms and wash areas,Suitable for standard construction applications,"Verify grade, compatibility and supplier quality before purchase",Check local supplier,India,Indicative demo/reference price,Synthetic catalog row for prototype,2026-09-16
MAT0211,Faucets,Basin Mixer,Jaquar,Jaquar Basin Mixer Standard,https://images.unsplash.com/photo-1552321554-5fefe8c9ef14?auto=format&fit=crop&w=900&q=80,https://www.jaquar.com/,Brass,Standard,Standard,,White,Piece,1 piece,3352.9,3017.61,3855.83,Verify current GST,4,4,Bathrooms and kitchens,Suitable for standard construction applications,"Verify grade, compatibility and supplier quality before purchase",Check local supplier,India,Indicative demo/reference price,Synthetic catalog row for prototype,2026-09-16
MAT0212,Faucets,Pillar Tap,Cera,Cera Pillar Tap Standard,https://images.unsplash.com/photo-1552321554-5fefe8c9ef14?auto=format&fit=crop&w=900&q=80,https://www.cera-india.com/,Stainless Steel,Standard,Standard,,Multiple,Piece,1 piece,5603.88,5043.49,6444.46,Verify current GST,3,3,Bathrooms and kitchens,Suitable for standard construction applications,"Verify grade, compatibility and supplier quality before purchase",Check local supplier,India,Indicative demo/reference price,Synthetic catalog row for prototype,2026-09-16
MAT0213,Faucets,Shower,Hindware,Hindware Shower Standard,https://images.unsplash.com/photo-1552321554-5fefe8c9ef14?auto=format&fit=crop&w=900&q=80,https://hindware.com/,Brass,Standard,Standard,,Grey,Piece,1 piece,2579.92,2321.93,2966.91,Verify current GST,4,3,Bathrooms and kitchens,Suitable for standard construction applications,"Verify grade, compatibility and supplier quality before purchase",Check local supplier,India,Indicative demo/reference price,Synthetic catalog row for prototype,2026-09-16
MAT0214,Faucets,Kitchen Sink Mixer,Parryware,Parryware Kitchen Sink Mixer Standard,https://images.unsplash.com/photo-1552321554-5fefe8c9ef14?auto=format&fit=crop&w=900&q=80,https://www.parryware.in/,Stainless Steel,Standard,Standard,,Natural,Piece,1 piece,4365.43,3928.89,5020.24,Verify current GST,3,4,Bathrooms and kitchens,Suitable for standard construction applications,"Verify grade, compatibility and supplier quality before purchase",Check local supplier,India,Indicative demo/reference price,Synthetic catalog row for prototype,2026-09-16
MAT0215,Faucets,Health Faucet,Jaquar,Jaquar Health Faucet Standard,https://images.unsplash.com/photo-1552321554-5fefe8c9ef14?auto=format&fit=crop&w=900&q=80,https://www.jaquar.com/,Brass,Standard,Standard,,Silver,Piece,1 piece,4935.7,4442.13,5676.05,Verify current GST,4,4,Bathrooms and kitchens,Suitable for standard construction applications,"Verify grade, compatibility and supplier quality before purchase",Check local supplier,India,Indicative demo/reference price,Synthetic catalog row for prototype,2026-09-16
MAT0216,Faucets,Basin Mixer,Cera,Cera Basin Mixer Standard,https://images.unsplash.com/photo-1552321554-5fefe8c9ef14?auto=format&fit=crop&w=900&q=80,https://www.cera-india.com/,Stainless Steel,Standard,Standard,,Beige,Piece,1 piece,7094.99,6385.49,8159.24,Verify current GST,4,4,Bathrooms and kitchens,Suitable for standard construction applications,"Verify grade, compatibility and supplier quality before purchase",Check local supplier,India,Indicative demo/reference price,Synthetic catalog row for prototype,2026-09-16
MAT0217,Faucets,Pillar Tap,Hindware,Hindware Pillar Tap Standard,https://images.unsplash.com/photo-1552321554-5fefe8c9ef14?auto=format&fit=crop&w=900&q=80,https://hindware.com/,Brass,Standard,Standard,,Multiple,Piece,1 piece,1592.34,1433.11,1831.19,Verify current GST,5,4,Bathrooms and kitchens,Suitable for standard construction applications,"Verify grade, compatibility and supplier quality before purchase",Check local supplier,India,Indicative demo/reference price,Synthetic catalog row for prototype,2026-09-16
MAT0218,Faucets,Shower,Parryware,Parryware Shower Standard,https://images.unsplash.com/photo-1552321554-5fefe8c9ef14?auto=format&fit=crop&w=900&q=80,https://www.parryware.in/,Stainless Steel,Standard,Standard,,Multiple,Piece,1 piece,11014.97,9913.47,12667.22,Verify current GST,4,4,Bathrooms and kitchens,Suitable for standard construction applications,"Verify grade, compatibility and supplier quality before purchase",Check local supplier,India,Indicative demo/reference price,Synthetic catalog row for prototype,2026-09-16
MAT0219,Faucets,Kitchen Sink Mixer,Jaquar,Jaquar Kitchen Sink Mixer Standard,https://images.unsplash.com/photo-1552321554-5fefe8c9ef14?auto=format&fit=crop&w=900&q=80,https://www.jaquar.com/,Brass,Standard,Standard,,Grey,Piece,1 piece,7908.32,7117.49,9094.57,Verify current GST,5,4,Bathrooms and kitchens,Suitable for standard construction applications,"Verify grade, compatibility and supplier quality before purchase",Check local supplier,India,Indicative demo/reference price,Synthetic catalog row for prototype,2026-09-16
MAT0220,Faucets,Health Faucet,Cera,Cera Health Faucet Standard,https://images.unsplash.com/photo-1552321554-5fefe8c9ef14?auto=format&fit=crop&w=900&q=80,https://www.cera-india.com/,Stainless Steel,Standard,Standard,,Beige,Piece,1 piece,10857.67,9771.9,12486.32,Verify current GST,5,4,Bathrooms and kitchens,Suitable for standard construction applications,"Verify grade, compatibility and supplier quality before purchase",Check local supplier,India,Indicative demo/reference price,Synthetic catalog row for prototype,2026-09-16
MAT0221,Faucets,Basin Mixer,Hindware,Hindware Basin Mixer Standard,https://images.unsplash.com/photo-1552321554-5fefe8c9ef14?auto=format&fit=crop&w=900&q=80,https://hindware.com/,Brass,Standard,Standard,,Silver,Piece,1 piece,1534.64,1381.18,1764.84,Verify current GST,4,4,Bathrooms and kitchens,Suitable for standard construction applications,"Verify grade, compatibility and supplier quality before purchase",Check local supplier,India,Indicative demo/reference price,Synthetic catalog row for prototype,2026-09-16
MAT0222,Faucets,Pillar Tap,Parryware,Parryware Pillar Tap Standard,https://images.unsplash.com/photo-1552321554-5fefe8c9ef14?auto=format&fit=crop&w=900&q=80,https://www.parryware.in/,Stainless Steel,Standard,Standard,,Brown,Piece,1 piece,8500.54,7650.49,9775.62,Verify current GST,5,4,Bathrooms and kitchens,Suitable for standard construction applications,"Verify grade, compatibility and supplier quality before purchase",Check local supplier,India,Indicative demo/reference price,Synthetic catalog row for prototype,2026-09-16
MAT0223,Faucets,Shower,Jaquar,Jaquar Shower Standard,https://images.unsplash.com/photo-1552321554-5fefe8c9ef14?auto=format&fit=crop&w=900&q=80,https://www.jaquar.com/,Brass,Standard,Standard,,Brown,Piece,1 piece,11992.92,10793.63,13791.86,Verify current GST,5,3,Bathrooms and kitchens,Suitable for standard construction applications,"Verify grade, compatibility and supplier quality before purchase",Check local supplier,India,Indicative demo/reference price,Synthetic catalog row for prototype,2026-09-16
MAT0224,Faucets,Kitchen Sink Mixer,Cera,Cera Kitchen Sink Mixer Standard,https://images.unsplash.com/photo-1552321554-5fefe8c9ef14?auto=format&fit=crop&w=900&q=80,https://www.cera-india.com/,Stainless Steel,Standard,Standard,,Black,Piece,1 piece,5009.42,4508.48,5760.83,Verify current GST,4,4,Bathrooms and kitchens,Suitable for standard construction applications,"Verify grade, compatibility and supplier quality before purchase",Check local supplier,India,Indicative demo/reference price,Synthetic catalog row for prototype,2026-09-16
MAT0225,Faucets,Health Faucet,Hindware,Hindware Health Faucet Standard,https://images.unsplash.com/photo-1552321554-5fefe8c9ef14?auto=format&fit=crop&w=900&q=80,https://hindware.com/,Brass,Standard,Standard,,Grey,Piece,1 piece,947.92,853.13,1090.11,Verify current GST,5,4,Bathrooms and kitchens,Suitable for standard construction applications,"Verify grade, compatibility and supplier quality before purchase",Check local supplier,India,Indicative demo/reference price,Synthetic catalog row for prototype,2026-09-16
MAT0226,Faucets,Basin Mixer,Parryware,Parryware Basin Mixer Standard,https://images.unsplash.com/photo-1552321554-5fefe8c9ef14?auto=format&fit=crop&w=900&q=80,https://www.parryware.in/,Stainless Steel,Standard,Standard,,Black,Piece,1 piece,7095.0,6385.5,8159.25,Verify current GST,3,5,Bathrooms and kitchens,Suitable for standard construction applications,"Verify grade, compatibility and supplier quality before purchase",Check local supplier,India,Indicative demo/reference price,Synthetic catalog row for prototype,2026-09-16
MAT0227,Faucets,Pillar Tap,Jaquar,Jaquar Pillar Tap Standard,https://images.unsplash.com/photo-1552321554-5fefe8c9ef14?auto=format&fit=crop&w=900&q=80,https://www.jaquar.com/,Brass,Standard,Standard,,Brown,Piece,1 piece,9465.87,8519.28,10885.75,Verify current GST,4,4,Bathrooms and kitchens,Suitable for standard construction applications,"Verify grade, compatibility and supplier quality before purchase",Check local supplier,India,Indicative demo/reference price,Synthetic catalog row for prototype,2026-09-16
MAT0228,Faucets,Shower,Cera,Cera Shower Standard,https://images.unsplash.com/photo-1552321554-5fefe8c9ef14?auto=format&fit=crop&w=900&q=80,https://www.cera-india.com/,Stainless Steel,Standard,Standard,,White,Piece,1 piece,7893.78,7104.4,9077.85,Verify current GST,4,4,Bathrooms and kitchens,Suitable for standard construction applications,"Verify grade, compatibility and supplier quality before purchase",Check local supplier,India,Indicative demo/reference price,Synthetic catalog row for prototype,2026-09-16
MAT0229,Faucets,Kitchen Sink Mixer,Hindware,Hindware Kitchen Sink Mixer Standard,https://images.unsplash.com/photo-1552321554-5fefe8c9ef14?auto=format&fit=crop&w=900&q=80,https://hindware.com/,Brass,Standard,Standard,,Multiple,Piece,1 piece,10908.46,9817.61,12544.73,Verify current GST,3,4,Bathrooms and kitchens,Suitable for standard construction applications,"Verify grade, compatibility and supplier quality before purchase",Check local supplier,India,Indicative demo/reference price,Synthetic catalog row for prototype,2026-09-16
MAT0230,Faucets,Health Faucet,Parryware,Parryware Health Faucet Standard,https://images.unsplash.com/photo-1552321554-5fefe8c9ef14?auto=format&fit=crop&w=900&q=80,https://www.parryware.in/,Stainless Steel,Standard,Standard,,White,Piece,1 piece,1077.02,969.32,1238.57,Verify current GST,4,4,Bathrooms and kitchens,Suitable for standard construction applications,"Verify grade, compatibility and supplier quality before purchase",Check local supplier,India,Indicative demo/reference price,Synthetic catalog row for prototype,2026-09-16
MAT0231,Faucets,Basin Mixer,Jaquar,Jaquar Basin Mixer Standard,https://images.unsplash.com/photo-1552321554-5fefe8c9ef14?auto=format&fit=crop&w=900&q=80,https://www.jaquar.com/,Brass,Standard,Standard,,Beige,Piece,1 piece,10978.79,9880.91,12625.61,Verify current GST,4,5,Bathrooms and kitchens,Suitable for standard construction applications,"Verify grade, compatibility and supplier quality before purchase",Check local supplier,India,Indicative demo/reference price,Synthetic catalog row for prototype,2026-09-16
MAT0232,Faucets,Pillar Tap,Cera,Cera Pillar Tap Standard,https://images.unsplash.com/photo-1552321554-5fefe8c9ef14?auto=format&fit=crop&w=900&q=80,https://www.cera-india.com/,Stainless Steel,Standard,Standard,,Beige,Piece,1 piece,2968.98,2672.08,3414.33,Verify current GST,4,4,Bathrooms and kitchens,Suitable for standard construction applications,"Verify grade, compatibility and supplier quality before purchase",Check local supplier,India,Indicative demo/reference price,Synthetic catalog row for prototype,2026-09-16
MAT0233,Faucets,Shower,Hindware,Hindware Shower Standard,https://images.unsplash.com/photo-1552321554-5fefe8c9ef14?auto=format&fit=crop&w=900&q=80,https://hindware.com/,Brass,Standard,Standard,,Natural,Piece,1 piece,3603.76,3243.38,4144.32,Verify current GST,5,4,Bathrooms and kitchens,Suitable for standard construction applications,"Verify grade, compatibility and supplier quality before purchase",Check local supplier,India,Indicative demo/reference price,Synthetic catalog row for prototype,2026-09-16
MAT0234,Faucets,Kitchen Sink Mixer,Parryware,Parryware Kitchen Sink Mixer Standard,https://images.unsplash.com/photo-1552321554-5fefe8c9ef14?auto=format&fit=crop&w=900&q=80,https://www.parryware.in/,Stainless Steel,Standard,Standard,,Beige,Piece,1 piece,9787.83,8809.05,11256.0,Verify current GST,5,3,Bathrooms and kitchens,Suitable for standard construction applications,"Verify grade, compatibility and supplier quality before purchase",Check local supplier,India,Indicative demo/reference price,Synthetic catalog row for prototype,2026-09-16
MAT0235,Faucets,Health Faucet,Jaquar,Jaquar Health Faucet Standard,https://images.unsplash.com/photo-1552321554-5fefe8c9ef14?auto=format&fit=crop&w=900&q=80,https://www.jaquar.com/,Brass,Standard,Standard,,Natural,Piece,1 piece,9221.91,8299.72,10605.2,Verify current GST,4,5,Bathrooms and kitchens,Suitable for standard construction applications,"Verify grade, compatibility and supplier quality before purchase",Check local supplier,India,Indicative demo/reference price,Synthetic catalog row for prototype,2026-09-16
MAT0236,Faucets,Basin Mixer,Cera,Cera Basin Mixer Standard,https://images.unsplash.com/photo-1552321554-5fefe8c9ef14?auto=format&fit=crop&w=900&q=80,https://www.cera-india.com/,Stainless Steel,Standard,Standard,,Black,Piece,1 piece,1720.42,1548.38,1978.48,Verify current GST,5,3,Bathrooms and kitchens,Suitable for standard construction applications,"Verify grade, compatibility and supplier quality before purchase",Check local supplier,India,Indicative demo/reference price,Synthetic catalog row for prototype,2026-09-16
MAT0237,Faucets,Pillar Tap,Hindware,Hindware Pillar Tap Standard,https://images.unsplash.com/photo-1552321554-5fefe8c9ef14?auto=format&fit=crop&w=900&q=80,https://hindware.com/,Brass,Standard,Standard,,Black,Piece,1 piece,6763.27,6086.94,7777.76,Verify current GST,5,4,Bathrooms and kitchens,Suitable for standard construction applications,"Verify grade, compatibility and supplier quality before purchase",Check local supplier,India,Indicative demo/reference price,Synthetic catalog row for prototype,2026-09-16
MAT0238,Faucets,Shower,Parryware,Parryware Shower Standard,https://images.unsplash.com/photo-1552321554-5fefe8c9ef14?auto=format&fit=crop&w=900&q=80,https://www.parryware.in/,Stainless Steel,Standard,Standard,,Brown,Piece,1 piece,7305.53,6574.98,8401.36,Verify current GST,4,3,Bathrooms and kitchens,Suitable for standard construction applications,"Verify grade, compatibility and supplier quality before purchase",Check local supplier,India,Indicative demo/reference price,Synthetic catalog row for prototype,2026-09-16
MAT0239,Faucets,Kitchen Sink Mixer,Jaquar,Jaquar Kitchen Sink Mixer Standard,https://images.unsplash.com/photo-1552321554-5fefe8c9ef14?auto=format&fit=crop&w=900&q=80,https://www.jaquar.com/,Brass,Standard,Standard,,White,Piece,1 piece,6027.69,5424.92,6931.84,Verify current GST,4,4,Bathrooms and kitchens,Suitable for standard construction applications,"Verify grade, compatibility and supplier quality before purchase",Check local supplier,India,Indicative demo/reference price,Synthetic catalog row for prototype,2026-09-16
MAT0240,Faucets,Health Faucet,Cera,Cera Health Faucet Standard,https://images.unsplash.com/photo-1552321554-5fefe8c9ef14?auto=format&fit=crop&w=900&q=80,https://www.cera-india.com/,Stainless Steel,Standard,Standard,,Silver,Piece,1 piece,7880.06,7092.05,9062.07,Verify current GST,5,4,Bathrooms and kitchens,Suitable for standard construction applications,"Verify grade, compatibility and supplier quality before purchase",Check local supplier,India,Indicative demo/reference price,Synthetic catalog row for prototype,2026-09-16
MAT0241,Pipes,PVC Pipe,Astral,Astral PVC Pipe 1/2 inch,https://images.unsplash.com/photo-1513828583688-c52646db42da?auto=format&fit=crop&w=900&q=80,https://www.astralpipes.com/,ISI Marked,Standard,1/2 inch,,Black,Running Ft,1 ft,225.92,203.33,259.81,Verify current GST,3,3,"Water supply, drainage and plumbing",Suitable for standard construction applications,"Verify grade, compatibility and supplier quality before purchase",Check local supplier,India,Indicative demo/reference price,Synthetic catalog row for prototype,2026-09-16
MAT0242,Pipes,CPVC Pipe,Supreme,Supreme CPVC Pipe 1 inch,https://images.unsplash.com/photo-1513828583688-c52646db42da?auto=format&fit=crop&w=900&q=80,https://www.supreme.co.in/,Schedule 40,Standard,1 inch,,Brown,Piece,3 m,1792.74,1613.47,2061.65,Verify current GST,3,3,"Water supply, drainage and plumbing",Suitable for standard construction applications,"Verify grade, compatibility and supplier quality before purchase",Check local supplier,India,Indicative demo/reference price,Synthetic catalog row for prototype,2026-09-16
MAT0243,Pipes,uPVC Pipe,Finolex,Finolex uPVC Pipe 1.5 inch,https://images.unsplash.com/photo-1513828583688-c52646db42da?auto=format&fit=crop&w=900&q=80,https://www.finolexpipes.com/,Schedule 80,Standard,1.5 inch,,Multiple,Running Ft,6 m,1599.1,1439.19,1838.96,Verify current GST,4,5,"Water supply, drainage and plumbing",Suitable for standard construction applications,"Verify grade, compatibility and supplier quality before purchase",Check local supplier,India,Indicative demo/reference price,Synthetic catalog row for prototype,2026-09-16
MAT0244,Pipes,SWR Pipe,Prince Pipes,Prince Pipes SWR Pipe 2 inch,https://images.unsplash.com/photo-1513828583688-c52646db42da?auto=format&fit=crop&w=900&q=80,https://www.princepipes.com/,ISI Marked,Standard,2 inch,,Silver,Piece,1 ft,679.14,611.23,781.01,Verify current GST,5,4,"Water supply, drainage and plumbing",Suitable for standard construction applications,"Verify grade, compatibility and supplier quality before purchase",Check local supplier,India,Indicative demo/reference price,Synthetic catalog row for prototype,2026-09-16
MAT0245,Pipes,HDPE Pipe,Astral,Astral HDPE Pipe 3 inch,https://images.unsplash.com/photo-1513828583688-c52646db42da?auto=format&fit=crop&w=900&q=80,https://www.astralpipes.com/,Schedule 40,Standard,3 inch,,Black,Running Ft,3 m,1185.07,1066.56,1362.83,Verify current GST,5,5,"Water supply, drainage and plumbing",Suitable for standard construction applications,"Verify grade, compatibility and supplier quality before purchase",Check local supplier,India,Indicative demo/reference price,Synthetic catalog row for prototype,2026-09-16
MAT0246,Pipes,PVC Pipe,Supreme,Supreme PVC Pipe 4 inch,https://images.unsplash.com/photo-1513828583688-c52646db42da?auto=format&fit=crop&w=900&q=80,https://www.supreme.co.in/,Schedule 80,Standard,4 inch,,Multiple,Piece,6 m,76.3,68.67,87.74,Verify current GST,4,4,"Water supply, drainage and plumbing",Suitable for standard construction applications,"Verify grade, compatibility and supplier quality before purchase",Check local supplier,India,Indicative demo/reference price,Synthetic catalog row for prototype,2026-09-16
MAT0247,Pipes,CPVC Pipe,Finolex,Finolex CPVC Pipe 1/2 inch,https://images.unsplash.com/photo-1513828583688-c52646db42da?auto=format&fit=crop&w=900&q=80,https://www.finolexpipes.com/,ISI Marked,Standard,1/2 inch,,White,Running Ft,1 ft,810.45,729.41,932.02,Verify current GST,4,4,"Water supply, drainage and plumbing",Suitable for standard construction applications,"Verify grade, compatibility and supplier quality before purchase",Check local supplier,India,Indicative demo/reference price,Synthetic catalog row for prototype,2026-09-16
MAT0248,Pipes,uPVC Pipe,Prince Pipes,Prince Pipes uPVC Pipe 1 inch,https://images.unsplash.com/photo-1513828583688-c52646db42da?auto=format&fit=crop&w=900&q=80,https://www.princepipes.com/,Schedule 40,Standard,1 inch,,Grey,Piece,3 m,1766.01,1589.41,2030.91,Verify current GST,4,4,"Water supply, drainage and plumbing",Suitable for standard construction applications,"Verify grade, compatibility and supplier quality before purchase",Check local supplier,India,Indicative demo/reference price,Synthetic catalog row for prototype,2026-09-16
MAT0249,Pipes,SWR Pipe,Astral,Astral SWR Pipe 1.5 inch,https://images.unsplash.com/photo-1513828583688-c52646db42da?auto=format&fit=crop&w=900&q=80,https://www.astralpipes.com/,Schedule 80,Standard,1.5 inch,,Multiple,Running Ft,6 m,727.48,654.73,836.6,Verify current GST,4,3,"Water supply, drainage and plumbing",Suitable for standard construction applications,"Verify grade, compatibility and supplier quality before purchase",Check local supplier,India,Indicative demo/reference price,Synthetic catalog row for prototype,2026-09-16
MAT0250,Pipes,HDPE Pipe,Supreme,Supreme HDPE Pipe 2 inch,https://images.unsplash.com/photo-1513828583688-c52646db42da?auto=format&fit=crop&w=900&q=80,https://www.supreme.co.in/,ISI Marked,Standard,2 inch,,Grey,Piece,1 ft,181.36,163.22,208.56,Verify current GST,4,3,"Water supply, drainage and plumbing",Suitable for standard construction applications,"Verify grade, compatibility and supplier quality before purchase",Check local supplier,India,Indicative demo/reference price,Synthetic catalog row for prototype,2026-09-16
MAT0251,Pipes,PVC Pipe,Finolex,Finolex PVC Pipe 3 inch,https://images.unsplash.com/photo-1513828583688-c52646db42da?auto=format&fit=crop&w=900&q=80,https://www.finolexpipes.com/,Schedule 40,Standard,3 inch,,Brown,Running Ft,3 m,1420.07,1278.06,1633.08,Verify current GST,4,4,"Water supply, drainage and plumbing",Suitable for standard construction applications,"Verify grade, compatibility and supplier quality before purchase",Check local supplier,India,Indicative demo/reference price,Synthetic catalog row for prototype,2026-09-16
MAT0252,Pipes,CPVC Pipe,Prince Pipes,Prince Pipes CPVC Pipe 4 inch,https://images.unsplash.com/photo-1513828583688-c52646db42da?auto=format&fit=crop&w=900&q=80,https://www.princepipes.com/,Schedule 80,Standard,4 inch,,Brown,Piece,6 m,140.26,126.23,161.3,Verify current GST,4,4,"Water supply, drainage and plumbing",Suitable for standard construction applications,"Verify grade, compatibility and supplier quality before purchase",Check local supplier,India,Indicative demo/reference price,Synthetic catalog row for prototype,2026-09-16
MAT0253,Pipes,uPVC Pipe,Astral,Astral uPVC Pipe 1/2 inch,https://images.unsplash.com/photo-1513828583688-c52646db42da?auto=format&fit=crop&w=900&q=80,https://www.astralpipes.com/,ISI Marked,Standard,1/2 inch,,Black,Running Ft,1 ft,603.49,543.14,694.01,Verify current GST,4,3,"Water supply, drainage and plumbing",Suitable for standard construction applications,"Verify grade, compatibility and supplier quality before purchase",Check local supplier,India,Indicative demo/reference price,Synthetic catalog row for prototype,2026-09-16
MAT0254,Pipes,SWR Pipe,Supreme,Supreme SWR Pipe 1 inch,https://images.unsplash.com/photo-1513828583688-c52646db42da?auto=format&fit=crop&w=900&q=80,https://www.supreme.co.in/,Schedule 40,Standard,1 inch,,Black,Piece,3 m,1547.68,1392.91,1779.83,Verify current GST,4,4,"Water supply, drainage and plumbing",Suitable for standard construction applications,"Verify grade, compatibility and supplier quality before purchase",Check local supplier,India,Indicative demo/reference price,Synthetic catalog row for prototype,2026-09-16
MAT0255,Pipes,HDPE Pipe,Finolex,Finolex HDPE Pipe 1.5 inch,https://images.unsplash.com/photo-1513828583688-c52646db42da?auto=format&fit=crop&w=900&q=80,https://www.finolexpipes.com/,Schedule 80,Standard,1.5 inch,,Beige,Running Ft,6 m,1440.95,1296.86,1657.09,Verify current GST,3,3,"Water supply, drainage and plumbing",Suitable for standard construction applications,"Verify grade, compatibility and supplier quality before purchase",Check local supplier,India,Indicative demo/reference price,Synthetic catalog row for prototype,2026-09-16
MAT0256,Pipes,PVC Pipe,Prince Pipes,Prince Pipes PVC Pipe 2 inch,https://images.unsplash.com/photo-1513828583688-c52646db42da?auto=format&fit=crop&w=900&q=80,https://www.princepipes.com/,ISI Marked,Standard,2 inch,,Grey,Piece,1 ft,44.48,40.03,51.15,Verify current GST,4,4,"Water supply, drainage and plumbing",Suitable for standard construction applications,"Verify grade, compatibility and supplier quality before purchase",Check local supplier,India,Indicative demo/reference price,Synthetic catalog row for prototype,2026-09-16
MAT0257,Pipes,CPVC Pipe,Astral,Astral CPVC Pipe 3 inch,https://images.unsplash.com/photo-1513828583688-c52646db42da?auto=format&fit=crop&w=900&q=80,https://www.astralpipes.com/,Schedule 40,Standard,3 inch,,Silver,Running Ft,3 m,328.51,295.66,377.79,Verify current GST,3,4,"Water supply, drainage and plumbing",Suitable for standard construction applications,"Verify grade, compatibility and supplier quality before purchase",Check local supplier,India,Indicative demo/reference price,Synthetic catalog row for prototype,2026-09-16
MAT0258,Pipes,uPVC Pipe,Supreme,Supreme uPVC Pipe 4 inch,https://images.unsplash.com/photo-1513828583688-c52646db42da?auto=format&fit=crop&w=900&q=80,https://www.supreme.co.in/,Schedule 80,Standard,4 inch,,Multiple,Piece,6 m,955.48,859.93,1098.8,Verify current GST,3,5,"Water supply, drainage and plumbing",Suitable for standard construction applications,"Verify grade, compatibility and supplier quality before purchase",Check local supplier,India,Indicative demo/reference price,Synthetic catalog row for prototype,2026-09-16
MAT0259,Pipes,SWR Pipe,Finolex,Finolex SWR Pipe 1/2 inch,https://images.unsplash.com/photo-1513828583688-c52646db42da?auto=format&fit=crop&w=900&q=80,https://www.finolexpipes.com/,ISI Marked,Standard,1/2 inch,,Brown,Running Ft,1 ft,1404.43,1263.99,1615.09,Verify current GST,3,5,"Water supply, drainage and plumbing",Suitable for standard construction applications,"Verify grade, compatibility and supplier quality before purchase",Check local supplier,India,Indicative demo/reference price,Synthetic catalog row for prototype,2026-09-16
MAT0260,Pipes,HDPE Pipe,Prince Pipes,Prince Pipes HDPE Pipe 1 inch,https://images.unsplash.com/photo-1513828583688-c52646db42da?auto=format&fit=crop&w=900&q=80,https://www.princepipes.com/,Schedule 40,Standard,1 inch,,Multiple,Piece,3 m,1702.73,1532.46,1958.14,Verify current GST,3,4,"Water supply, drainage and plumbing",Suitable for standard construction applications,"Verify grade, compatibility and supplier quality before purchase",Check local supplier,India,Indicative demo/reference price,Synthetic catalog row for prototype,2026-09-16
MAT0261,Pipes,PVC Pipe,Astral,Astral PVC Pipe 1.5 inch,https://images.unsplash.com/photo-1513828583688-c52646db42da?auto=format&fit=crop&w=900&q=80,https://www.astralpipes.com/,Schedule 80,Standard,1.5 inch,,Multiple,Running Ft,6 m,1164.43,1047.99,1339.09,Verify current GST,3,3,"Water supply, drainage and plumbing",Suitable for standard construction applications,"Verify grade, compatibility and supplier quality before purchase",Check local supplier,India,Indicative demo/reference price,Synthetic catalog row for prototype,2026-09-16
MAT0262,Pipes,CPVC Pipe,Supreme,Supreme CPVC Pipe 2 inch,https://images.unsplash.com/photo-1513828583688-c52646db42da?auto=format&fit=crop&w=900&q=80,https://www.supreme.co.in/,ISI Marked,Standard,2 inch,,Multiple,Piece,1 ft,1527.89,1375.1,1757.07,Verify current GST,5,3,"Water supply, drainage and plumbing",Suitable for standard construction applications,"Verify grade, compatibility and supplier quality before purchase",Check local supplier,India,Indicative demo/reference price,Synthetic catalog row for prototype,2026-09-16
MAT0263,Pipes,uPVC Pipe,Finolex,Finolex uPVC Pipe 3 inch,https://images.unsplash.com/photo-1513828583688-c52646db42da?auto=format&fit=crop&w=900&q=80,https://www.finolexpipes.com/,Schedule 40,Standard,3 inch,,White,Running Ft,3 m,1287.5,1158.75,1480.62,Verify current GST,5,3,"Water supply, drainage and plumbing",Suitable for standard construction applications,"Verify grade, compatibility and supplier quality before purchase",Check local supplier,India,Indicative demo/reference price,Synthetic catalog row for prototype,2026-09-16
MAT0264,Pipes,SWR Pipe,Prince Pipes,Prince Pipes SWR Pipe 4 inch,https://images.unsplash.com/photo-1513828583688-c52646db42da?auto=format&fit=crop&w=900&q=80,https://www.princepipes.com/,Schedule 80,Standard,4 inch,,Beige,Piece,6 m,592.0,532.8,680.8,Verify current GST,4,3,"Water supply, drainage and plumbing",Suitable for standard construction applications,"Verify grade, compatibility and supplier quality before purchase",Check local supplier,India,Indicative demo/reference price,Synthetic catalog row for prototype,2026-09-16
MAT0265,Pipes,HDPE Pipe,Astral,Astral HDPE Pipe 1/2 inch,https://images.unsplash.com/photo-1513828583688-c52646db42da?auto=format&fit=crop&w=900&q=80,https://www.astralpipes.com/,ISI Marked,Standard,1/2 inch,,Black,Running Ft,1 ft,508.08,457.27,584.29,Verify current GST,4,5,"Water supply, drainage and plumbing",Suitable for standard construction applications,"Verify grade, compatibility and supplier quality before purchase",Check local supplier,India,Indicative demo/reference price,Synthetic catalog row for prototype,2026-09-16
MAT0266,Pipes,PVC Pipe,Supreme,Supreme PVC Pipe 1 inch,https://images.unsplash.com/photo-1513828583688-c52646db42da?auto=format&fit=crop&w=900&q=80,https://www.supreme.co.in/,Schedule 40,Standard,1 inch,,White,Piece,3 m,826.52,743.87,950.5,Verify current GST,5,3,"Water supply, drainage and plumbing",Suitable for standard construction applications,"Verify grade, compatibility and supplier quality before purchase",Check local supplier,India,Indicative demo/reference price,Synthetic catalog row for prototype,2026-09-16
MAT0267,Pipes,CPVC Pipe,Finolex,Finolex CPVC Pipe 1.5 inch,https://images.unsplash.com/photo-1513828583688-c52646db42da?auto=format&fit=crop&w=900&q=80,https://www.finolexpipes.com/,Schedule 80,Standard,1.5 inch,,Multiple,Running Ft,6 m,1537.68,1383.91,1768.33,Verify current GST,4,5,"Water supply, drainage and plumbing",Suitable for standard construction applications,"Verify grade, compatibility and supplier quality before purchase",Check local supplier,India,Indicative demo/reference price,Synthetic catalog row for prototype,2026-09-16
MAT0268,Pipes,uPVC Pipe,Prince Pipes,Prince Pipes uPVC Pipe 2 inch,https://images.unsplash.com/photo-1513828583688-c52646db42da?auto=format&fit=crop&w=900&q=80,https://www.princepipes.com/,ISI Marked,Standard,2 inch,,Multiple,Piece,1 ft,1600.58,1440.52,1840.67,Verify current GST,5,4,"Water supply, drainage and plumbing",Suitable for standard construction applications,"Verify grade, compatibility and supplier quality before purchase",Check local supplier,India,Indicative demo/reference price,Synthetic catalog row for prototype,2026-09-16
MAT0269,Pipes,SWR Pipe,Astral,Astral SWR Pipe 3 inch,https://images.unsplash.com/photo-1513828583688-c52646db42da?auto=format&fit=crop&w=900&q=80,https://www.astralpipes.com/,Schedule 40,Standard,3 inch,,Silver,Running Ft,3 m,728.54,655.69,837.82,Verify current GST,3,4,"Water supply, drainage and plumbing",Suitable for standard construction applications,"Verify grade, compatibility and supplier quality before purchase",Check local supplier,India,Indicative demo/reference price,Synthetic catalog row for prototype,2026-09-16
MAT0270,Pipes,HDPE Pipe,Supreme,Supreme HDPE Pipe 4 inch,https://images.unsplash.com/photo-1513828583688-c52646db42da?auto=format&fit=crop&w=900&q=80,https://www.supreme.co.in/,Schedule 80,Standard,4 inch,,Beige,Piece,6 m,574.92,517.43,661.16,Verify current GST,4,4,"Water supply, drainage and plumbing",Suitable for standard construction applications,"Verify grade, compatibility and supplier quality before purchase",Check local supplier,India,Indicative demo/reference price,Synthetic catalog row for prototype,2026-09-16
MAT0271,Electrical,Copper Wire,Havells,Havells Copper Wire Standard,https://images.unsplash.com/photo-1621905252507-b35492cc74b4?auto=format&fit=crop&w=900&q=80,https://www.havells.com/,FR,Standard,Standard,,White,Running Ft,1 m,3780.02,3402.02,4347.02,Verify current GST,5,3,"Wiring, switching and electrical distribution",Suitable for standard construction applications,"Verify grade, compatibility and supplier quality before purchase",Check local supplier,India,Indicative demo/reference price,Synthetic catalog row for prototype,2026-09-16
MAT0272,Electrical,MCB,Polycab,Polycab MCB Standard,https://images.unsplash.com/photo-1621905252507-b35492cc74b4?auto=format&fit=crop&w=900&q=80,https://polycab.com/,FRLS,Standard,Standard,,White,Piece,90 m,4576.09,4118.48,5262.5,Verify current GST,3,5,"Wiring, switching and electrical distribution",Suitable for standard construction applications,"Verify grade, compatibility and supplier quality before purchase",Check local supplier,India,Indicative demo/reference price,Synthetic catalog row for prototype,2026-09-16
MAT0273,Electrical,Distribution Board,Finolex,Finolex Distribution Board Standard,https://images.unsplash.com/photo-1621905252507-b35492cc74b4?auto=format&fit=crop&w=900&q=80,https://www.finolex.com/,ISI Marked,Standard,Standard,,Grey,Meter,1 piece,4097.28,3687.55,4711.87,Verify current GST,4,4,"Wiring, switching and electrical distribution",Suitable for standard construction applications,"Verify grade, compatibility and supplier quality before purchase",Check local supplier,India,Indicative demo/reference price,Synthetic catalog row for prototype,2026-09-16
MAT0274,Electrical,Modular Switch,KEI,KEI Modular Switch Standard,https://images.unsplash.com/photo-1621905252507-b35492cc74b4?auto=format&fit=crop&w=900&q=80,https://www.kei-ind.com/,FR,Standard,Standard,,Silver,Running Ft,1 m,3228.87,2905.98,3713.2,Verify current GST,4,3,"Wiring, switching and electrical distribution",Suitable for standard construction applications,"Verify grade, compatibility and supplier quality before purchase",Check local supplier,India,Indicative demo/reference price,Synthetic catalog row for prototype,2026-09-16
MAT0275,Electrical,Conduit Pipe,Havells,Havells Conduit Pipe Standard,https://images.unsplash.com/photo-1621905252507-b35492cc74b4?auto=format&fit=crop&w=900&q=80,https://www.havells.com/,FRLS,Standard,Standard,,Black,Piece,90 m,1949.96,1754.96,2242.45,Verify current GST,5,3,"Wiring, switching and electrical distribution",Suitable for standard construction applications,"Verify grade, compatibility and supplier quality before purchase",Check local supplier,India,Indicative demo/reference price,Synthetic catalog row for prototype,2026-09-16
MAT0276,Electrical,Copper Wire,Polycab,Polycab Copper Wire Standard,https://images.unsplash.com/photo-1621905252507-b35492cc74b4?auto=format&fit=crop&w=900&q=80,https://polycab.com/,ISI Marked,Standard,Standard,,Brown,Meter,1 piece,3305.45,2974.9,3801.27,Verify current GST,4,3,"Wiring, switching and electrical distribution",Suitable for standard construction applications,"Verify grade, compatibility and supplier quality before purchase",Check local supplier,India,Indicative demo/reference price,Synthetic catalog row for prototype,2026-09-16
MAT0277,Electrical,MCB,Finolex,Finolex MCB Standard,https://images.unsplash.com/photo-1621905252507-b35492cc74b4?auto=format&fit=crop&w=900&q=80,https://www.finolex.com/,FR,Standard,Standard,,White,Running Ft,1 m,857.78,772.0,986.45,Verify current GST,5,4,"Wiring, switching and electrical distribution",Suitable for standard construction applications,"Verify grade, compatibility and supplier quality before purchase",Check local supplier,India,Indicative demo/reference price,Synthetic catalog row for prototype,2026-09-16
MAT0278,Electrical,Distribution Board,KEI,KEI Distribution Board Standard,https://images.unsplash.com/photo-1621905252507-b35492cc74b4?auto=format&fit=crop&w=900&q=80,https://www.kei-ind.com/,FRLS,Standard,Standard,,Black,Piece,90 m,1930.83,1737.75,2220.45,Verify current GST,4,3,"Wiring, switching and electrical distribution",Suitable for standard construction applications,"Verify grade, compatibility and supplier quality before purchase",Check local supplier,India,Indicative demo/reference price,Synthetic catalog row for prototype,2026-09-16
MAT0279,Electrical,Modular Switch,Havells,Havells Modular Switch Standard,https://images.unsplash.com/photo-1621905252507-b35492cc74b4?auto=format&fit=crop&w=900&q=80,https://www.havells.com/,ISI Marked,Standard,Standard,,Black,Meter,1 piece,3160.96,2844.86,3635.1,Verify current GST,5,3,"Wiring, switching and electrical distribution",Suitable for standard construction applications,"Verify grade, compatibility and supplier quality before purchase",Check local supplier,India,Indicative demo/reference price,Synthetic catalog row for prototype,2026-09-16
MAT0280,Electrical,Conduit Pipe,Polycab,Polycab Conduit Pipe Standard,https://images.unsplash.com/photo-1621905252507-b35492cc74b4?auto=format&fit=crop&w=900&q=80,https://polycab.com/,FR,Standard,Standard,,Natural,Running Ft,1 m,167.01,150.31,192.06,Verify current GST,4,4,"Wiring, switching and electrical distribution",Suitable for standard construction applications,"Verify grade, compatibility and supplier quality before purchase",Check local supplier,India,Indicative demo/reference price,Synthetic catalog row for prototype,2026-09-16
MAT0281,Electrical,Copper Wire,Finolex,Finolex Copper Wire Standard,https://images.unsplash.com/photo-1621905252507-b35492cc74b4?auto=format&fit=crop&w=900&q=80,https://www.finolex.com/,FRLS,Standard,Standard,,Silver,Piece,90 m,1935.82,1742.24,2226.19,Verify current GST,4,4,"Wiring, switching and electrical distribution",Suitable for standard construction applications,"Verify grade, compatibility and supplier quality before purchase",Check local supplier,India,Indicative demo/reference price,Synthetic catalog row for prototype,2026-09-16
MAT0282,Electrical,MCB,KEI,KEI MCB Standard,https://images.unsplash.com/photo-1621905252507-b35492cc74b4?auto=format&fit=crop&w=900&q=80,https://www.kei-ind.com/,ISI Marked,Standard,Standard,,Brown,Meter,1 piece,390.16,351.14,448.68,Verify current GST,3,3,"Wiring, switching and electrical distribution",Suitable for standard construction applications,"Verify grade, compatibility and supplier quality before purchase",Check local supplier,India,Indicative demo/reference price,Synthetic catalog row for prototype,2026-09-16
MAT0283,Electrical,Distribution Board,Havells,Havells Distribution Board Standard,https://images.unsplash.com/photo-1621905252507-b35492cc74b4?auto=format&fit=crop&w=900&q=80,https://www.havells.com/,FR,Standard,Standard,,Beige,Running Ft,1 m,2074.06,1866.65,2385.17,Verify current GST,5,4,"Wiring, switching and electrical distribution",Suitable for standard construction applications,"Verify grade, compatibility and supplier quality before purchase",Check local supplier,India,Indicative demo/reference price,Synthetic catalog row for prototype,2026-09-16
MAT0284,Electrical,Modular Switch,Polycab,Polycab Modular Switch Standard,https://images.unsplash.com/photo-1621905252507-b35492cc74b4?auto=format&fit=crop&w=900&q=80,https://polycab.com/,FRLS,Standard,Standard,,Grey,Piece,90 m,2040.33,1836.3,2346.38,Verify current GST,4,3,"Wiring, switching and electrical distribution",Suitable for standard construction applications,"Verify grade, compatibility and supplier quality before purchase",Check local supplier,India,Indicative demo/reference price,Synthetic catalog row for prototype,2026-09-16
MAT0285,Electrical,Conduit Pipe,Finolex,Finolex Conduit Pipe Standard,https://images.unsplash.com/photo-1621905252507-b35492cc74b4?auto=format&fit=crop&w=900&q=80,https://www.finolex.com/,ISI Marked,Standard,Standard,,Black,Meter,1 piece,862.44,776.2,991.81,Verify current GST,3,3,"Wiring, switching and electrical distribution",Suitable for standard construction applications,"Verify grade, compatibility and supplier quality before purchase",Check local supplier,India,Indicative demo/reference price,Synthetic catalog row for prototype,2026-09-16
MAT0286,Electrical,Copper Wire,KEI,KEI Copper Wire Standard,https://images.unsplash.com/photo-1621905252507-b35492cc74b4?auto=format&fit=crop&w=900&q=80,https://www.kei-ind.com/,FR,Standard,Standard,,Multiple,Running Ft,1 m,2441.58,2197.42,2807.82,Verify current GST,5,5,"Wiring, switching and electrical distribution",Suitable for standard construction applications,"Verify grade, compatibility and supplier quality before purchase",Check local supplier,India,Indicative demo/reference price,Synthetic catalog row for prototype,2026-09-16
MAT0287,Electrical,MCB,Havells,Havells MCB Standard,https://images.unsplash.com/photo-1621905252507-b35492cc74b4?auto=format&fit=crop&w=900&q=80,https://www.havells.com/,FRLS,Standard,Standard,,Natural,Piece,90 m,2282.7,2054.43,2625.1,Verify current GST,4,3,"Wiring, switching and electrical distribution",Suitable for standard construction applications,"Verify grade, compatibility and supplier quality before purchase",Check local supplier,India,Indicative demo/reference price,Synthetic catalog row for prototype,2026-09-16
MAT0288,Electrical,Distribution Board,Polycab,Polycab Distribution Board Standard,https://images.unsplash.com/photo-1621905252507-b35492cc74b4?auto=format&fit=crop&w=900&q=80,https://polycab.com/,ISI Marked,Standard,Standard,,Black,Meter,1 piece,2369.09,2132.18,2724.45,Verify current GST,4,5,"Wiring, switching and electrical distribution",Suitable for standard construction applications,"Verify grade, compatibility and supplier quality before purchase",Check local supplier,India,Indicative demo/reference price,Synthetic catalog row for prototype,2026-09-16
MAT0289,Electrical,Modular Switch,Finolex,Finolex Modular Switch Standard,https://images.unsplash.com/photo-1621905252507-b35492cc74b4?auto=format&fit=crop&w=900&q=80,https://www.finolex.com/,FR,Standard,Standard,,Grey,Running Ft,1 m,257.43,231.69,296.04,Verify current GST,5,3,"Wiring, switching and electrical distribution",Suitable for standard construction applications,"Verify grade, compatibility and supplier quality before purchase",Check local supplier,India,Indicative demo/reference price,Synthetic catalog row for prototype,2026-09-16
MAT0290,Electrical,Conduit Pipe,KEI,KEI Conduit Pipe Standard,https://images.unsplash.com/photo-1621905252507-b35492cc74b4?auto=format&fit=crop&w=900&q=80,https://www.kei-ind.com/,FRLS,Standard,Standard,,Black,Piece,90 m,1130.69,1017.62,1300.29,Verify current GST,4,4,"Wiring, switching and electrical distribution",Suitable for standard construction applications,"Verify grade, compatibility and supplier quality before purchase",Check local supplier,India,Indicative demo/reference price,Synthetic catalog row for prototype,2026-09-16
MAT0291,Electrical,Copper Wire,Havells,Havells Copper Wire Standard,https://images.unsplash.com/photo-1621905252507-b35492cc74b4?auto=format&fit=crop&w=900&q=80,https://www.havells.com/,ISI Marked,Standard,Standard,,Multiple,Meter,1 piece,1597.64,1437.88,1837.29,Verify current GST,3,3,"Wiring, switching and electrical distribution",Suitable for standard construction applications,"Verify grade, compatibility and supplier quality before purchase",Check local supplier,India,Indicative demo/reference price,Synthetic catalog row for prototype,2026-09-16
MAT0292,Electrical,MCB,Polycab,Polycab MCB Standard,https://images.unsplash.com/photo-1621905252507-b35492cc74b4?auto=format&fit=crop&w=900&q=80,https://polycab.com/,FR,Standard,Standard,,Silver,Running Ft,1 m,4110.6,3699.54,4727.19,Verify current GST,4,4,"Wiring, switching and electrical distribution",Suitable for standard construction applications,"Verify grade, compatibility and supplier quality before purchase",Check local supplier,India,Indicative demo/reference price,Synthetic catalog row for prototype,2026-09-16
MAT0293,Electrical,Distribution Board,Finolex,Finolex Distribution Board Standard,https://images.unsplash.com/photo-1621905252507-b35492cc74b4?auto=format&fit=crop&w=900&q=80,https://www.finolex.com/,FRLS,Standard,Standard,,White,Piece,90 m,2932.94,2639.65,3372.88,Verify current GST,4,4,"Wiring, switching and electrical distribution",Suitable for standard construction applications,"Verify grade, compatibility and supplier quality before purchase",Check local supplier,India,Indicative demo/reference price,Synthetic catalog row for prototype,2026-09-16
MAT0294,Electrical,Modular Switch,KEI,KEI Modular Switch Standard,https://images.unsplash.com/photo-1621905252507-b35492cc74b4?auto=format&fit=crop&w=900&q=80,https://www.kei-ind.com/,ISI Marked,Standard,Standard,,Grey,Meter,1 piece,2188.71,1969.84,2517.02,Verify current GST,3,5,"Wiring, switching and electrical distribution",Suitable for standard construction applications,"Verify grade, compatibility and supplier quality before purchase",Check local supplier,India,Indicative demo/reference price,Synthetic catalog row for prototype,2026-09-16
MAT0295,Electrical,Conduit Pipe,Havells,Havells Conduit Pipe Standard,https://images.unsplash.com/photo-1621905252507-b35492cc74b4?auto=format&fit=crop&w=900&q=80,https://www.havells.com/,FR,Standard,Standard,,Silver,Running Ft,1 m,2532.97,2279.67,2912.92,Verify current GST,3,4,"Wiring, switching and electrical distribution",Suitable for standard construction applications,"Verify grade, compatibility and supplier quality before purchase",Check local supplier,India,Indicative demo/reference price,Synthetic catalog row for prototype,2026-09-16
MAT0296,Electrical,Copper Wire,Polycab,Polycab Copper Wire Standard,https://images.unsplash.com/photo-1621905252507-b35492cc74b4?auto=format&fit=crop&w=900&q=80,https://polycab.com/,FRLS,Standard,Standard,,White,Piece,90 m,3157.11,2841.4,3630.68,Verify current GST,5,4,"Wiring, switching and electrical distribution",Suitable for standard construction applications,"Verify grade, compatibility and supplier quality before purchase",Check local supplier,India,Indicative demo/reference price,Synthetic catalog row for prototype,2026-09-16
MAT0297,Electrical,MCB,Finolex,Finolex MCB Standard,https://images.unsplash.com/photo-1621905252507-b35492cc74b4?auto=format&fit=crop&w=900&q=80,https://www.finolex.com/,ISI Marked,Standard,Standard,,Multiple,Meter,1 piece,2232.44,2009.2,2567.31,Verify current GST,4,4,"Wiring, switching and electrical distribution",Suitable for standard construction applications,"Verify grade, compatibility and supplier quality before purchase",Check local supplier,India,Indicative demo/reference price,Synthetic catalog row for prototype,2026-09-16
MAT0298,Electrical,Distribution Board,KEI,KEI Distribution Board Standard,https://images.unsplash.com/photo-1621905252507-b35492cc74b4?auto=format&fit=crop&w=900&q=80,https://www.kei-ind.com/,FR,Standard,Standard,,Silver,Running Ft,1 m,4577.49,4119.74,5264.11,Verify current GST,4,3,"Wiring, switching and electrical distribution",Suitable for standard construction applications,"Verify grade, compatibility and supplier quality before purchase",Check local supplier,India,Indicative demo/reference price,Synthetic catalog row for prototype,2026-09-16
MAT0299,Electrical,Modular Switch,Havells,Havells Modular Switch Standard,https://images.unsplash.com/photo-1621905252507-b35492cc74b4?auto=format&fit=crop&w=900&q=80,https://www.havells.com/,FRLS,Standard,Standard,,Silver,Piece,90 m,4645.91,4181.32,5342.8,Verify current GST,4,5,"Wiring, switching and electrical distribution",Suitable for standard construction applications,"Verify grade, compatibility and supplier quality before purchase",Check local supplier,India,Indicative demo/reference price,Synthetic catalog row for prototype,2026-09-16
MAT0300,Electrical,Conduit Pipe,Polycab,Polycab Conduit Pipe Standard,https://images.unsplash.com/photo-1621905252507-b35492cc74b4?auto=format&fit=crop&w=900&q=80,https://polycab.com/,ISI Marked,Standard,Standard,,Natural,Meter,1 piece,2885.6,2597.04,3318.44,Verify current GST,5,4,"Wiring, switching and electrical distribution",Suitable for standard construction applications,"Verify grade, compatibility and supplier quality before purchase",Check local supplier,India,Indicative demo/reference price,Synthetic catalog row for prototype,2026-09-16
MAT0301,Paint,Interior Emulsion,Asian Paints,Asian Paints Interior Emulsion Standard,https://images.unsplash.com/photo-1562259949-e8e7689d7828?auto=format&fit=crop&w=900&q=80,https://www.asianpaints.com/,Interior,Standard,Standard,,White,Litre,1 L,1580.34,1422.31,1817.39,Verify current GST,4,3,Interior and exterior finishing,Suitable for standard construction applications,"Verify grade, compatibility and supplier quality before purchase",Check local supplier,India,Indicative demo/reference price,Synthetic catalog row for prototype,2026-09-16
MAT0302,Paint,Exterior Emulsion,Berger,Berger Exterior Emulsion Standard,https://images.unsplash.com/photo-1562259949-e8e7689d7828?auto=format&fit=crop&w=900&q=80,https://www.bergerpaints.com/,Exterior,Standard,Standard,,Natural,Kg,4 L,3533.42,3180.08,4063.43,Verify current GST,4,4,Interior and exterior finishing,Suitable for standard construction applications,"Verify grade, compatibility and supplier quality before purchase",Check local supplier,India,Indicative demo/reference price,Synthetic catalog row for prototype,2026-09-16
MAT0303,Paint,Primer,Nerolac,Nerolac Primer Standard,https://images.unsplash.com/photo-1562259949-e8e7689d7828?auto=format&fit=crop&w=900&q=80,https://www.nerolac.com/,Water Based,Standard,Standard,,White,Litre,10 L,4777.04,4299.34,5493.6,Verify current GST,4,4,Interior and exterior finishing,Suitable for standard construction applications,"Verify grade, compatibility and supplier quality before purchase",Check local supplier,India,Indicative demo/reference price,Synthetic catalog row for prototype,2026-09-16
MAT0304,Paint,Enamel,Indigo Paints,Indigo Paints Enamel Standard,https://images.unsplash.com/photo-1562259949-e8e7689d7828?auto=format&fit=crop&w=900&q=80,https://indigopaints.com/,Solvent Based,Standard,Standard,,Beige,Kg,20 L,1105.53,994.98,1271.36,Verify current GST,4,4,Interior and exterior finishing,Suitable for standard construction applications,"Verify grade, compatibility and supplier quality before purchase",Check local supplier,India,Indicative demo/reference price,Synthetic catalog row for prototype,2026-09-16
MAT0305,Paint,Waterproofing Paint,Asian Paints,Asian Paints Waterproofing Paint Standard,https://images.unsplash.com/photo-1562259949-e8e7689d7828?auto=format&fit=crop&w=900&q=80,https://www.asianpaints.com/,Interior,Standard,Standard,,Multiple,Litre,1 L,4984.56,4486.1,5732.24,Verify current GST,3,4,Interior and exterior finishing,Suitable for standard construction applications,"Verify grade, compatibility and supplier quality before purchase",Check local supplier,India,Indicative demo/reference price,Synthetic catalog row for prototype,2026-09-16
MAT0306,Paint,Interior Emulsion,Berger,Berger Interior Emulsion Standard,https://images.unsplash.com/photo-1562259949-e8e7689d7828?auto=format&fit=crop&w=900&q=80,https://www.bergerpaints.com/,Exterior,Standard,Standard,,Natural,Kg,4 L,3112.18,2800.96,3579.01,Verify current GST,5,4,Interior and exterior finishing,Suitable for standard construction applications,"Verify grade, compatibility and supplier quality before purchase",Check local supplier,India,Indicative demo/reference price,Synthetic catalog row for prototype,2026-09-16
MAT0307,Paint,Exterior Emulsion,Nerolac,Nerolac Exterior Emulsion Standard,https://images.unsplash.com/photo-1562259949-e8e7689d7828?auto=format&fit=crop&w=900&q=80,https://www.nerolac.com/,Water Based,Standard,Standard,,Multiple,Litre,10 L,1134.05,1020.64,1304.16,Verify current GST,3,5,Interior and exterior finishing,Suitable for standard construction applications,"Verify grade, compatibility and supplier quality before purchase",Check local supplier,India,Indicative demo/reference price,Synthetic catalog row for prototype,2026-09-16
MAT0308,Paint,Primer,Indigo Paints,Indigo Paints Primer Standard,https://images.unsplash.com/photo-1562259949-e8e7689d7828?auto=format&fit=crop&w=900&q=80,https://indigopaints.com/,Solvent Based,Standard,Standard,,Natural,Kg,20 L,4170.35,3753.32,4795.9,Verify current GST,4,3,Interior and exterior finishing,Suitable for standard construction applications,"Verify grade, compatibility and supplier quality before purchase",Check local supplier,India,Indicative demo/reference price,Synthetic catalog row for prototype,2026-09-16
MAT0309,Paint,Enamel,Asian Paints,Asian Paints Enamel Standard,https://images.unsplash.com/photo-1562259949-e8e7689d7828?auto=format&fit=crop&w=900&q=80,https://www.asianpaints.com/,Interior,Standard,Standard,,Multiple,Litre,1 L,3386.37,3047.73,3894.33,Verify current GST,4,5,Interior and exterior finishing,Suitable for standard construction applications,"Verify grade, compatibility and supplier quality before purchase",Check local supplier,India,Indicative demo/reference price,Synthetic catalog row for prototype,2026-09-16
MAT0310,Paint,Waterproofing Paint,Berger,Berger Waterproofing Paint Standard,https://images.unsplash.com/photo-1562259949-e8e7689d7828?auto=format&fit=crop&w=900&q=80,https://www.bergerpaints.com/,Exterior,Standard,Standard,,White,Kg,4 L,417.68,375.91,480.33,Verify current GST,4,4,Interior and exterior finishing,Suitable for standard construction applications,"Verify grade, compatibility and supplier quality before purchase",Check local supplier,India,Indicative demo/reference price,Synthetic catalog row for prototype,2026-09-16
MAT0311,Paint,Interior Emulsion,Nerolac,Nerolac Interior Emulsion Standard,https://images.unsplash.com/photo-1562259949-e8e7689d7828?auto=format&fit=crop&w=900&q=80,https://www.nerolac.com/,Water Based,Standard,Standard,,Multiple,Litre,10 L,4254.29,3828.86,4892.43,Verify current GST,3,5,Interior and exterior finishing,Suitable for standard construction applications,"Verify grade, compatibility and supplier quality before purchase",Check local supplier,India,Indicative demo/reference price,Synthetic catalog row for prototype,2026-09-16
MAT0312,Paint,Exterior Emulsion,Indigo Paints,Indigo Paints Exterior Emulsion Standard,https://images.unsplash.com/photo-1562259949-e8e7689d7828?auto=format&fit=crop&w=900&q=80,https://indigopaints.com/,Solvent Based,Standard,Standard,,Brown,Kg,20 L,3847.68,3462.91,4424.83,Verify current GST,3,5,Interior and exterior finishing,Suitable for standard construction applications,"Verify grade, compatibility and supplier quality before purchase",Check local supplier,India,Indicative demo/reference price,Synthetic catalog row for prototype,2026-09-16
MAT0313,Paint,Primer,Asian Paints,Asian Paints Primer Standard,https://images.unsplash.com/photo-1562259949-e8e7689d7828?auto=format&fit=crop&w=900&q=80,https://www.asianpaints.com/,Interior,Standard,Standard,,Grey,Litre,1 L,2212.05,1990.85,2543.86,Verify current GST,5,4,Interior and exterior finishing,Suitable for standard construction applications,"Verify grade, compatibility and supplier quality before purchase",Check local supplier,India,Indicative demo/reference price,Synthetic catalog row for prototype,2026-09-16
MAT0314,Paint,Enamel,Berger,Berger Enamel Standard,https://images.unsplash.com/photo-1562259949-e8e7689d7828?auto=format&fit=crop&w=900&q=80,https://www.bergerpaints.com/,Exterior,Standard,Standard,,Beige,Kg,4 L,3027.31,2724.58,3481.41,Verify current GST,4,3,Interior and exterior finishing,Suitable for standard construction applications,"Verify grade, compatibility and supplier quality before purchase",Check local supplier,India,Indicative demo/reference price,Synthetic catalog row for prototype,2026-09-16
MAT0315,Paint,Waterproofing Paint,Nerolac,Nerolac Waterproofing Paint Standard,https://images.unsplash.com/photo-1562259949-e8e7689d7828?auto=format&fit=crop&w=900&q=80,https://www.nerolac.com/,Water Based,Standard,Standard,,Beige,Litre,10 L,427.38,384.64,491.49,Verify current GST,5,5,Interior and exterior finishing,Suitable for standard construction applications,"Verify grade, compatibility and supplier quality before purchase",Check local supplier,India,Indicative demo/reference price,Synthetic catalog row for prototype,2026-09-16
MAT0316,Paint,Interior Emulsion,Indigo Paints,Indigo Paints Interior Emulsion Standard,https://images.unsplash.com/photo-1562259949-e8e7689d7828?auto=format&fit=crop&w=900&q=80,https://indigopaints.com/,Solvent Based,Standard,Standard,,Silver,Kg,20 L,2479.84,2231.86,2851.82,Verify current GST,4,5,Interior and exterior finishing,Suitable for standard construction applications,"Verify grade, compatibility and supplier quality before purchase",Check local supplier,India,Indicative demo/reference price,Synthetic catalog row for prototype,2026-09-16
MAT0317,Paint,Exterior Emulsion,Asian Paints,Asian Paints Exterior Emulsion Standard,https://images.unsplash.com/photo-1562259949-e8e7689d7828?auto=format&fit=crop&w=900&q=80,https://www.asianpaints.com/,Interior,Standard,Standard,,White,Litre,1 L,5074.62,4567.16,5835.81,Verify current GST,3,4,Interior and exterior finishing,Suitable for standard construction applications,"Verify grade, compatibility and supplier quality before purchase",Check local supplier,India,Indicative demo/reference price,Synthetic catalog row for prototype,2026-09-16
MAT0318,Paint,Primer,Berger,Berger Primer Standard,https://images.unsplash.com/photo-1562259949-e8e7689d7828?auto=format&fit=crop&w=900&q=80,https://www.bergerpaints.com/,Exterior,Standard,Standard,,Black,Kg,4 L,2263.65,2037.29,2603.2,Verify current GST,5,4,Interior and exterior finishing,Suitable for standard construction applications,"Verify grade, compatibility and supplier quality before purchase",Check local supplier,India,Indicative demo/reference price,Synthetic catalog row for prototype,2026-09-16
MAT0319,Paint,Enamel,Nerolac,Nerolac Enamel Standard,https://images.unsplash.com/photo-1562259949-e8e7689d7828?auto=format&fit=crop&w=900&q=80,https://www.nerolac.com/,Water Based,Standard,Standard,,White,Litre,10 L,4754.0,4278.6,5467.1,Verify current GST,4,4,Interior and exterior finishing,Suitable for standard construction applications,"Verify grade, compatibility and supplier quality before purchase",Check local supplier,India,Indicative demo/reference price,Synthetic catalog row for prototype,2026-09-16
MAT0320,Paint,Waterproofing Paint,Indigo Paints,Indigo Paints Waterproofing Paint Standard,https://images.unsplash.com/photo-1562259949-e8e7689d7828?auto=format&fit=crop&w=900&q=80,https://indigopaints.com/,Solvent Based,Standard,Standard,,Black,Kg,20 L,3862.91,3476.62,4442.35,Verify current GST,4,4,Interior and exterior finishing,Suitable for standard construction applications,"Verify grade, compatibility and supplier quality before purchase",Check local supplier,India,Indicative demo/reference price,Synthetic catalog row for prototype,2026-09-16
MAT0321,Paint,Interior Emulsion,Asian Paints,Asian Paints Interior Emulsion Standard,https://images.unsplash.com/photo-1562259949-e8e7689d7828?auto=format&fit=crop&w=900&q=80,https://www.asianpaints.com/,Interior,Standard,Standard,,White,Litre,1 L,6295.84,5666.26,7240.22,Verify current GST,5,4,Interior and exterior finishing,Suitable for standard construction applications,"Verify grade, compatibility and supplier quality before purchase",Check local supplier,India,Indicative demo/reference price,Synthetic catalog row for prototype,2026-09-16
MAT0322,Paint,Exterior Emulsion,Berger,Berger Exterior Emulsion Standard,https://images.unsplash.com/photo-1562259949-e8e7689d7828?auto=format&fit=crop&w=900&q=80,https://www.bergerpaints.com/,Exterior,Standard,Standard,,Beige,Kg,4 L,2136.56,1922.9,2457.04,Verify current GST,5,4,Interior and exterior finishing,Suitable for standard construction applications,"Verify grade, compatibility and supplier quality before purchase",Check local supplier,India,Indicative demo/reference price,Synthetic catalog row for prototype,2026-09-16
MAT0323,Paint,Primer,Nerolac,Nerolac Primer Standard,https://images.unsplash.com/photo-1562259949-e8e7689d7828?auto=format&fit=crop&w=900&q=80,https://www.nerolac.com/,Water Based,Standard,Standard,,Natural,Litre,10 L,4415.14,3973.63,5077.41,Verify current GST,3,5,Interior and exterior finishing,Suitable for standard construction applications,"Verify grade, compatibility and supplier quality before purchase",Check local supplier,India,Indicative demo/reference price,Synthetic catalog row for prototype,2026-09-16
MAT0324,Paint,Enamel,Indigo Paints,Indigo Paints Enamel Standard,https://images.unsplash.com/photo-1562259949-e8e7689d7828?auto=format&fit=crop&w=900&q=80,https://indigopaints.com/,Solvent Based,Standard,Standard,,Brown,Kg,20 L,295.22,265.7,339.5,Verify current GST,4,4,Interior and exterior finishing,Suitable for standard construction applications,"Verify grade, compatibility and supplier quality before purchase",Check local supplier,India,Indicative demo/reference price,Synthetic catalog row for prototype,2026-09-16
MAT0325,Paint,Waterproofing Paint,Asian Paints,Asian Paints Waterproofing Paint Standard,https://images.unsplash.com/photo-1562259949-e8e7689d7828?auto=format&fit=crop&w=900&q=80,https://www.asianpaints.com/,Interior,Standard,Standard,,Brown,Litre,1 L,2339.75,2105.78,2690.71,Verify current GST,5,4,Interior and exterior finishing,Suitable for standard construction applications,"Verify grade, compatibility and supplier quality before purchase",Check local supplier,India,Indicative demo/reference price,Synthetic catalog row for prototype,2026-09-16
MAT0326,Paint,Interior Emulsion,Berger,Berger Interior Emulsion Standard,https://images.unsplash.com/photo-1562259949-e8e7689d7828?auto=format&fit=crop&w=900&q=80,https://www.bergerpaints.com/,Exterior,Standard,Standard,,Black,Kg,4 L,6499.85,5849.87,7474.83,Verify current GST,4,3,Interior and exterior finishing,Suitable for standard construction applications,"Verify grade, compatibility and supplier quality before purchase",Check local supplier,India,Indicative demo/reference price,Synthetic catalog row for prototype,2026-09-16
MAT0327,Paint,Exterior Emulsion,Nerolac,Nerolac Exterior Emulsion Standard,https://images.unsplash.com/photo-1562259949-e8e7689d7828?auto=format&fit=crop&w=900&q=80,https://www.nerolac.com/,Water Based,Standard,Standard,,Natural,Litre,10 L,5516.79,4965.11,6344.31,Verify current GST,3,3,Interior and exterior finishing,Suitable for standard construction applications,"Verify grade, compatibility and supplier quality before purchase",Check local supplier,India,Indicative demo/reference price,Synthetic catalog row for prototype,2026-09-16
MAT0328,Paint,Primer,Indigo Paints,Indigo Paints Primer Standard,https://images.unsplash.com/photo-1562259949-e8e7689d7828?auto=format&fit=crop&w=900&q=80,https://indigopaints.com/,Solvent Based,Standard,Standard,,Beige,Kg,20 L,5718.8,5146.92,6576.62,Verify current GST,4,5,Interior and exterior finishing,Suitable for standard construction applications,"Verify grade, compatibility and supplier quality before purchase",Check local supplier,India,Indicative demo/reference price,Synthetic catalog row for prototype,2026-09-16
MAT0329,Paint,Enamel,Asian Paints,Asian Paints Enamel Standard,https://images.unsplash.com/photo-1562259949-e8e7689d7828?auto=format&fit=crop&w=900&q=80,https://www.asianpaints.com/,Interior,Standard,Standard,,Grey,Litre,1 L,1205.4,1084.86,1386.21,Verify current GST,4,5,Interior and exterior finishing,Suitable for standard construction applications,"Verify grade, compatibility and supplier quality before purchase",Check local supplier,India,Indicative demo/reference price,Synthetic catalog row for prototype,2026-09-16
MAT0330,Paint,Waterproofing Paint,Berger,Berger Waterproofing Paint Standard,https://images.unsplash.com/photo-1562259949-e8e7689d7828?auto=format&fit=crop&w=900&q=80,https://www.bergerpaints.com/,Exterior,Standard,Standard,,Black,Kg,4 L,2776.63,2498.97,3193.12,Verify current GST,4,5,Interior and exterior finishing,Suitable for standard construction applications,"Verify grade, compatibility and supplier quality before purchase",Check local supplier,India,Indicative demo/reference price,Synthetic catalog row for prototype,2026-09-16
MAT0331,Plywood,MR Plywood,CenturyPly,CenturyPly MR Plywood 6 mm,https://images.unsplash.com/photo-1600566753086-00f18fb6b3ea?auto=format&fit=crop&w=900&q=80,https://www.centuryply.com/,IS 303,Standard,6 mm,6 mm,Brown,Sq Ft,1 sq ft,214.19,192.77,246.32,Verify current GST,5,4,"Furniture, doors and interiors",Suitable for standard construction applications,"Verify grade, compatibility and supplier quality before purchase",Check local supplier,India,Indicative demo/reference price,Synthetic catalog row for prototype,2026-09-16
MAT0332,Plywood,BWR Plywood,Greenply,Greenply BWR Plywood 8 mm,https://images.unsplash.com/photo-1600566753086-00f18fb6b3ea?auto=format&fit=crop&w=900&q=80,https://www.greenply.com/,IS 710,Standard,8 mm,8 mm,Natural,Sq Ft,8x4 ft sheet,132.25,119.03,152.09,Verify current GST,5,4,"Furniture, doors and interiors",Suitable for standard construction applications,"Verify grade, compatibility and supplier quality before purchase",Check local supplier,India,Indicative demo/reference price,Synthetic catalog row for prototype,2026-09-16
MAT0333,Plywood,BWP Plywood,Greenpanel,Greenpanel BWP Plywood 12 mm,https://images.unsplash.com/photo-1600566753086-00f18fb6b3ea?auto=format&fit=crop&w=900&q=80,https://www.greenpanel.com/,IS 303,Standard,12 mm,12 mm,Black,Sq Ft,1 sq ft,200.49,180.44,230.56,Verify current GST,5,5,"Furniture, doors and interiors",Suitable for standard construction applications,"Verify grade, compatibility and supplier quality before purchase",Check local supplier,India,Indicative demo/reference price,Synthetic catalog row for prototype,2026-09-16
MAT0334,Plywood,Marine Plywood,Kitply,Kitply Marine Plywood 18 mm,https://images.unsplash.com/photo-1600566753086-00f18fb6b3ea?auto=format&fit=crop&w=900&q=80,https://www.kitply.com/,IS 710,Standard,18 mm,18 mm,Brown,Sq Ft,8x4 ft sheet,218.95,197.06,251.79,Verify current GST,5,4,"Furniture, doors and interiors",Suitable for standard construction applications,"Verify grade, compatibility and supplier quality before purchase",Check local supplier,India,Indicative demo/reference price,Synthetic catalog row for prototype,2026-09-16
MAT0335,Plywood,MR Plywood,CenturyPly,CenturyPly MR Plywood 19 mm,https://images.unsplash.com/photo-1600566753086-00f18fb6b3ea?auto=format&fit=crop&w=900&q=80,https://www.centuryply.com/,IS 303,Standard,19 mm,19 mm,Grey,Sq Ft,1 sq ft,223.23,200.91,256.71,Verify current GST,4,4,"Furniture, doors and interiors",Suitable for standard construction applications,"Verify grade, compatibility and supplier quality before purchase",Check local supplier,India,Indicative demo/reference price,Synthetic catalog row for prototype,2026-09-16
MAT0336,Plywood,BWR Plywood,Greenply,Greenply BWR Plywood 6 mm,https://images.unsplash.com/photo-1600566753086-00f18fb6b3ea?auto=format&fit=crop&w=900&q=80,https://www.greenply.com/,IS 710,Standard,6 mm,6 mm,White,Sq Ft,8x4 ft sheet,193.62,174.26,222.66,Verify current GST,4,3,"Furniture, doors and interiors",Suitable for standard construction applications,"Verify grade, compatibility and supplier quality before purchase",Check local supplier,India,Indicative demo/reference price,Synthetic catalog row for prototype,2026-09-16
MAT0337,Plywood,BWP Plywood,Greenpanel,Greenpanel BWP Plywood 8 mm,https://images.unsplash.com/photo-1600566753086-00f18fb6b3ea?auto=format&fit=crop&w=900&q=80,https://www.greenpanel.com/,IS 303,Standard,8 mm,8 mm,Multiple,Sq Ft,1 sq ft,127.74,114.97,146.9,Verify current GST,4,4,"Furniture, doors and interiors",Suitable for standard construction applications,"Verify grade, compatibility and supplier quality before purchase",Check local supplier,India,Indicative demo/reference price,Synthetic catalog row for prototype,2026-09-16
MAT0338,Plywood,Marine Plywood,Kitply,Kitply Marine Plywood 12 mm,https://images.unsplash.com/photo-1600566753086-00f18fb6b3ea?auto=format&fit=crop&w=900&q=80,https://www.kitply.com/,IS 710,Standard,12 mm,12 mm,White,Sq Ft,8x4 ft sheet,242.48,218.23,278.85,Verify current GST,4,5,"Furniture, doors and interiors",Suitable for standard construction applications,"Verify grade, compatibility and supplier quality before purchase",Check local supplier,India,Indicative demo/reference price,Synthetic catalog row for prototype,2026-09-16
MAT0339,Plywood,MR Plywood,CenturyPly,CenturyPly MR Plywood 18 mm,https://images.unsplash.com/photo-1600566753086-00f18fb6b3ea?auto=format&fit=crop&w=900&q=80,https://www.centuryply.com/,IS 303,Standard,18 mm,18 mm,Natural,Sq Ft,1 sq ft,250.09,225.08,287.6,Verify current GST,4,5,"Furniture, doors and interiors",Suitable for standard construction applications,"Verify grade, compatibility and supplier quality before purchase",Check local supplier,India,Indicative demo/reference price,Synthetic catalog row for prototype,2026-09-16
MAT0340,Plywood,BWR Plywood,Greenply,Greenply BWR Plywood 19 mm,https://images.unsplash.com/photo-1600566753086-00f18fb6b3ea?auto=format&fit=crop&w=900&q=80,https://www.greenply.com/,IS 710,Standard,19 mm,19 mm,Silver,Sq Ft,8x4 ft sheet,247.14,222.43,284.21,Verify current GST,5,3,"Furniture, doors and interiors",Suitable for standard construction applications,"Verify grade, compatibility and supplier quality before purchase",Check local supplier,India,Indicative demo/reference price,Synthetic catalog row for prototype,2026-09-16
MAT0341,Plywood,BWP Plywood,Greenpanel,Greenpanel BWP Plywood 6 mm,https://images.unsplash.com/photo-1600566753086-00f18fb6b3ea?auto=format&fit=crop&w=900&q=80,https://www.greenpanel.com/,IS 303,Standard,6 mm,6 mm,White,Sq Ft,1 sq ft,167.87,151.08,193.05,Verify current GST,4,5,"Furniture, doors and interiors",Suitable for standard construction applications,"Verify grade, compatibility and supplier quality before purchase",Check local supplier,India,Indicative demo/reference price,Synthetic catalog row for prototype,2026-09-16
MAT0342,Plywood,Marine Plywood,Kitply,Kitply Marine Plywood 8 mm,https://images.unsplash.com/photo-1600566753086-00f18fb6b3ea?auto=format&fit=crop&w=900&q=80,https://www.kitply.com/,IS 710,Standard,8 mm,8 mm,White,Sq Ft,8x4 ft sheet,144.36,129.92,166.01,Verify current GST,3,4,"Furniture, doors and interiors",Suitable for standard construction applications,"Verify grade, compatibility and supplier quality before purchase",Check local supplier,India,Indicative demo/reference price,Synthetic catalog row for prototype,2026-09-16
MAT0343,Plywood,MR Plywood,CenturyPly,CenturyPly MR Plywood 12 mm,https://images.unsplash.com/photo-1600566753086-00f18fb6b3ea?auto=format&fit=crop&w=900&q=80,https://www.centuryply.com/,IS 303,Standard,12 mm,12 mm,Beige,Sq Ft,1 sq ft,230.25,207.22,264.79,Verify current GST,4,4,"Furniture, doors and interiors",Suitable for standard construction applications,"Verify grade, compatibility and supplier quality before purchase",Check local supplier,India,Indicative demo/reference price,Synthetic catalog row for prototype,2026-09-16
MAT0344,Plywood,BWR Plywood,Greenply,Greenply BWR Plywood 18 mm,https://images.unsplash.com/photo-1600566753086-00f18fb6b3ea?auto=format&fit=crop&w=900&q=80,https://www.greenply.com/,IS 710,Standard,18 mm,18 mm,Multiple,Sq Ft,8x4 ft sheet,82.09,73.88,94.4,Verify current GST,5,4,"Furniture, doors and interiors",Suitable for standard construction applications,"Verify grade, compatibility and supplier quality before purchase",Check local supplier,India,Indicative demo/reference price,Synthetic catalog row for prototype,2026-09-16
MAT0345,Plywood,BWP Plywood,Greenpanel,Greenpanel BWP Plywood 19 mm,https://images.unsplash.com/photo-1600566753086-00f18fb6b3ea?auto=format&fit=crop&w=900&q=80,https://www.greenpanel.com/,IS 303,Standard,19 mm,19 mm,Grey,Sq Ft,1 sq ft,157.99,142.19,181.69,Verify current GST,3,3,"Furniture, doors and interiors",Suitable for standard construction applications,"Verify grade, compatibility and supplier quality before purchase",Check local supplier,India,Indicative demo/reference price,Synthetic catalog row for prototype,2026-09-16
MAT0346,Plywood,Marine Plywood,Kitply,Kitply Marine Plywood 6 mm,https://images.unsplash.com/photo-1600566753086-00f18fb6b3ea?auto=format&fit=crop&w=900&q=80,https://www.kitply.com/,IS 710,Standard,6 mm,6 mm,White,Sq Ft,8x4 ft sheet,122.35,110.11,140.7,Verify current GST,4,5,"Furniture, doors and interiors",Suitable for standard construction applications,"Verify grade, compatibility and supplier quality before purchase",Check local supplier,India,Indicative demo/reference price,Synthetic catalog row for prototype,2026-09-16
MAT0347,Plywood,MR Plywood,CenturyPly,CenturyPly MR Plywood 8 mm,https://images.unsplash.com/photo-1600566753086-00f18fb6b3ea?auto=format&fit=crop&w=900&q=80,https://www.centuryply.com/,IS 303,Standard,8 mm,8 mm,White,Sq Ft,1 sq ft,218.59,196.73,251.38,Verify current GST,4,4,"Furniture, doors and interiors",Suitable for standard construction applications,"Verify grade, compatibility and supplier quality before purchase",Check local supplier,India,Indicative demo/reference price,Synthetic catalog row for prototype,2026-09-16
MAT0348,Plywood,BWR Plywood,Greenply,Greenply BWR Plywood 12 mm,https://images.unsplash.com/photo-1600566753086-00f18fb6b3ea?auto=format&fit=crop&w=900&q=80,https://www.greenply.com/,IS 710,Standard,12 mm,12 mm,White,Sq Ft,8x4 ft sheet,83.83,75.45,96.4,Verify current GST,5,5,"Furniture, doors and interiors",Suitable for standard construction applications,"Verify grade, compatibility and supplier quality before purchase",Check local supplier,India,Indicative demo/reference price,Synthetic catalog row for prototype,2026-09-16
MAT0349,Plywood,BWP Plywood,Greenpanel,Greenpanel BWP Plywood 18 mm,https://images.unsplash.com/photo-1600566753086-00f18fb6b3ea?auto=format&fit=crop&w=900&q=80,https://www.greenpanel.com/,IS 303,Standard,18 mm,18 mm,Brown,Sq Ft,1 sq ft,95.51,85.96,109.84,Verify current GST,5,3,"Furniture, doors and interiors",Suitable for standard construction applications,"Verify grade, compatibility and supplier quality before purchase",Check local supplier,India,Indicative demo/reference price,Synthetic catalog row for prototype,2026-09-16
MAT0350,Plywood,Marine Plywood,Kitply,Kitply Marine Plywood 19 mm,https://images.unsplash.com/photo-1600566753086-00f18fb6b3ea?auto=format&fit=crop&w=900&q=80,https://www.kitply.com/,IS 710,Standard,19 mm,19 mm,Grey,Sq Ft,8x4 ft sheet,207.93,187.14,239.12,Verify current GST,4,5,"Furniture, doors and interiors",Suitable for standard construction applications,"Verify grade, compatibility and supplier quality before purchase",Check local supplier,India,Indicative demo/reference price,Synthetic catalog row for prototype,2026-09-16
MAT0351,Plywood,MR Plywood,CenturyPly,CenturyPly MR Plywood 6 mm,https://images.unsplash.com/photo-1600566753086-00f18fb6b3ea?auto=format&fit=crop&w=900&q=80,https://www.centuryply.com/,IS 303,Standard,6 mm,6 mm,Beige,Sq Ft,1 sq ft,188.74,169.87,217.05,Verify current GST,4,5,"Furniture, doors and interiors",Suitable for standard construction applications,"Verify grade, compatibility and supplier quality before purchase",Check local supplier,India,Indicative demo/reference price,Synthetic catalog row for prototype,2026-09-16
MAT0352,Plywood,BWR Plywood,Greenply,Greenply BWR Plywood 8 mm,https://images.unsplash.com/photo-1600566753086-00f18fb6b3ea?auto=format&fit=crop&w=900&q=80,https://www.greenply.com/,IS 710,Standard,8 mm,8 mm,White,Sq Ft,8x4 ft sheet,197.91,178.12,227.6,Verify current GST,3,4,"Furniture, doors and interiors",Suitable for standard construction applications,"Verify grade, compatibility and supplier quality before purchase",Check local supplier,India,Indicative demo/reference price,Synthetic catalog row for prototype,2026-09-16
MAT0353,Plywood,BWP Plywood,Greenpanel,Greenpanel BWP Plywood 12 mm,https://images.unsplash.com/photo-1600566753086-00f18fb6b3ea?auto=format&fit=crop&w=900&q=80,https://www.greenpanel.com/,IS 303,Standard,12 mm,12 mm,Multiple,Sq Ft,1 sq ft,251.38,226.24,289.09,Verify current GST,3,5,"Furniture, doors and interiors",Suitable for standard construction applications,"Verify grade, compatibility and supplier quality before purchase",Check local supplier,India,Indicative demo/reference price,Synthetic catalog row for prototype,2026-09-16
MAT0354,Plywood,Marine Plywood,Kitply,Kitply Marine Plywood 18 mm,https://images.unsplash.com/photo-1600566753086-00f18fb6b3ea?auto=format&fit=crop&w=900&q=80,https://www.kitply.com/,IS 710,Standard,18 mm,18 mm,Black,Sq Ft,8x4 ft sheet,83.05,74.75,95.51,Verify current GST,5,4,"Furniture, doors and interiors",Suitable for standard construction applications,"Verify grade, compatibility and supplier quality before purchase",Check local supplier,India,Indicative demo/reference price,Synthetic catalog row for prototype,2026-09-16
MAT0355,Plywood,MR Plywood,CenturyPly,CenturyPly MR Plywood 19 mm,https://images.unsplash.com/photo-1600566753086-00f18fb6b3ea?auto=format&fit=crop&w=900&q=80,https://www.centuryply.com/,IS 303,Standard,19 mm,19 mm,Natural,Sq Ft,1 sq ft,213.25,191.93,245.24,Verify current GST,4,3,"Furniture, doors and interiors",Suitable for standard construction applications,"Verify grade, compatibility and supplier quality before purchase",Check local supplier,India,Indicative demo/reference price,Synthetic catalog row for prototype,2026-09-16
MAT0356,Plywood,BWR Plywood,Greenply,Greenply BWR Plywood 6 mm,https://images.unsplash.com/photo-1600566753086-00f18fb6b3ea?auto=format&fit=crop&w=900&q=80,https://www.greenply.com/,IS 710,Standard,6 mm,6 mm,Beige,Sq Ft,8x4 ft sheet,119.61,107.65,137.55,Verify current GST,3,4,"Furniture, doors and interiors",Suitable for standard construction applications,"Verify grade, compatibility and supplier quality before purchase",Check local supplier,India,Indicative demo/reference price,Synthetic catalog row for prototype,2026-09-16
MAT0357,Plywood,BWP Plywood,Greenpanel,Greenpanel BWP Plywood 8 mm,https://images.unsplash.com/photo-1600566753086-00f18fb6b3ea?auto=format&fit=crop&w=900&q=80,https://www.greenpanel.com/,IS 303,Standard,8 mm,8 mm,Multiple,Sq Ft,1 sq ft,83.2,74.88,95.68,Verify current GST,4,4,"Furniture, doors and interiors",Suitable for standard construction applications,"Verify grade, compatibility and supplier quality before purchase",Check local supplier,India,Indicative demo/reference price,Synthetic catalog row for prototype,2026-09-16
MAT0358,Plywood,Marine Plywood,Kitply,Kitply Marine Plywood 12 mm,https://images.unsplash.com/photo-1600566753086-00f18fb6b3ea?auto=format&fit=crop&w=900&q=80,https://www.kitply.com/,IS 710,Standard,12 mm,12 mm,Beige,Sq Ft,8x4 ft sheet,256.45,230.81,294.92,Verify current GST,5,4,"Furniture, doors and interiors",Suitable for standard construction applications,"Verify grade, compatibility and supplier quality before purchase",Check local supplier,India,Indicative demo/reference price,Synthetic catalog row for prototype,2026-09-16
MAT0359,Plywood,MR Plywood,CenturyPly,CenturyPly MR Plywood 18 mm,https://images.unsplash.com/photo-1600566753086-00f18fb6b3ea?auto=format&fit=crop&w=900&q=80,https://www.centuryply.com/,IS 303,Standard,18 mm,18 mm,Black,Sq Ft,1 sq ft,86.67,78.0,99.67,Verify current GST,5,3,"Furniture, doors and interiors",Suitable for standard construction applications,"Verify grade, compatibility and supplier quality before purchase",Check local supplier,India,Indicative demo/reference price,Synthetic catalog row for prototype,2026-09-16
MAT0360,Plywood,BWR Plywood,Greenply,Greenply BWR Plywood 19 mm,https://images.unsplash.com/photo-1600566753086-00f18fb6b3ea?auto=format&fit=crop&w=900&q=80,https://www.greenply.com/,IS 710,Standard,19 mm,19 mm,Natural,Sq Ft,8x4 ft sheet,112.29,101.06,129.13,Verify current GST,4,3,"Furniture, doors and interiors",Suitable for standard construction applications,"Verify grade, compatibility and supplier quality before purchase",Check local supplier,India,Indicative demo/reference price,Synthetic catalog row for prototype,2026-09-16
MAT0361,Laminates,Decorative Laminate,Greenlam,Greenlam Decorative Laminate Standard,https://images.unsplash.com/photo-1600210492486-724fe5c67fb0?auto=format&fit=crop&w=900&q=80,https://www.greenlam.com/,0.8 mm,Standard,Standard,Standard,Black,Sq Ft,1 sq ft,246.34,221.71,283.29,Verify current GST,5,5,Furniture and interior surfaces,Suitable for standard construction applications,"Verify grade, compatibility and supplier quality before purchase",Check local supplier,India,Indicative demo/reference price,Synthetic catalog row for prototype,2026-09-16
MAT0362,Laminates,Exterior Laminate,Merino,Merino Exterior Laminate Standard,https://images.unsplash.com/photo-1600210492486-724fe5c67fb0?auto=format&fit=crop&w=900&q=80,https://www.merinoindia.com/,1.0 mm,Standard,Standard,Standard,Natural,Sq Ft,8x4 ft sheet,62.51,56.26,71.89,Verify current GST,4,4,Furniture and interior surfaces,Suitable for standard construction applications,"Verify grade, compatibility and supplier quality before purchase",Check local supplier,India,Indicative demo/reference price,Synthetic catalog row for prototype,2026-09-16
MAT0363,Laminates,Compact Laminate,CenturyLaminates,CenturyLaminates Compact Laminate Standard,https://images.unsplash.com/photo-1600210492486-724fe5c67fb0?auto=format&fit=crop&w=900&q=80,https://www.centuryply.com/,1.5 mm,Standard,Standard,Standard,Black,Sq Ft,1 sq ft,231.74,208.57,266.5,Verify current GST,3,4,Furniture and interior surfaces,Suitable for standard construction applications,"Verify grade, compatibility and supplier quality before purchase",Check local supplier,India,Indicative demo/reference price,Synthetic catalog row for prototype,2026-09-16
MAT0364,Laminates,Anti-Fingerprint Laminate,Stylam,Stylam Anti-Fingerprint Laminate Standard,https://images.unsplash.com/photo-1600210492486-724fe5c67fb0?auto=format&fit=crop&w=900&q=80,https://www.stylam.com/,0.8 mm,Standard,Standard,Standard,Silver,Sq Ft,8x4 ft sheet,80.52,72.47,92.6,Verify current GST,4,5,Furniture and interior surfaces,Suitable for standard construction applications,"Verify grade, compatibility and supplier quality before purchase",Check local supplier,India,Indicative demo/reference price,Synthetic catalog row for prototype,2026-09-16
MAT0365,Laminates,Decorative Laminate,Greenlam,Greenlam Decorative Laminate Standard,https://images.unsplash.com/photo-1600210492486-724fe5c67fb0?auto=format&fit=crop&w=900&q=80,https://www.greenlam.com/,1.0 mm,Standard,Standard,Standard,Beige,Sq Ft,1 sq ft,207.38,186.64,238.49,Verify current GST,5,4,Furniture and interior surfaces,Suitable for standard construction applications,"Verify grade, compatibility and supplier quality before purchase",Check local supplier,India,Indicative demo/reference price,Synthetic catalog row for prototype,2026-09-16
MAT0366,Laminates,Exterior Laminate,Merino,Merino Exterior Laminate Standard,https://images.unsplash.com/photo-1600210492486-724fe5c67fb0?auto=format&fit=crop&w=900&q=80,https://www.merinoindia.com/,1.5 mm,Standard,Standard,Standard,Black,Sq Ft,8x4 ft sheet,156.72,141.05,180.23,Verify current GST,5,4,Furniture and interior surfaces,Suitable for standard construction applications,"Verify grade, compatibility and supplier quality before purchase",Check local supplier,India,Indicative demo/reference price,Synthetic catalog row for prototype,2026-09-16
MAT0367,Laminates,Compact Laminate,CenturyLaminates,CenturyLaminates Compact Laminate Standard,https://images.unsplash.com/photo-1600210492486-724fe5c67fb0?auto=format&fit=crop&w=900&q=80,https://www.centuryply.com/,0.8 mm,Standard,Standard,Standard,Silver,Sq Ft,1 sq ft,219.24,197.32,252.13,Verify current GST,5,3,Furniture and interior surfaces,Suitable for standard construction applications,"Verify grade, compatibility and supplier quality before purchase",Check local supplier,India,Indicative demo/reference price,Synthetic catalog row for prototype,2026-09-16
MAT0368,Laminates,Anti-Fingerprint Laminate,Stylam,Stylam Anti-Fingerprint Laminate Standard,https://images.unsplash.com/photo-1600210492486-724fe5c67fb0?auto=format&fit=crop&w=900&q=80,https://www.stylam.com/,1.0 mm,Standard,Standard,Standard,Natural,Sq Ft,8x4 ft sheet,178.5,160.65,205.27,Verify current GST,4,4,Furniture and interior surfaces,Suitable for standard construction applications,"Verify grade, compatibility and supplier quality before purchase",Check local supplier,India,Indicative demo/reference price,Synthetic catalog row for prototype,2026-09-16
MAT0369,Laminates,Decorative Laminate,Greenlam,Greenlam Decorative Laminate Standard,https://images.unsplash.com/photo-1600210492486-724fe5c67fb0?auto=format&fit=crop&w=900&q=80,https://www.greenlam.com/,1.5 mm,Standard,Standard,Standard,Black,Sq Ft,1 sq ft,76.03,68.43,87.43,Verify current GST,4,4,Furniture and interior surfaces,Suitable for standard construction applications,"Verify grade, compatibility and supplier quality before purchase",Check local supplier,India,Indicative demo/reference price,Synthetic catalog row for prototype,2026-09-16
MAT0370,Laminates,Exterior Laminate,Merino,Merino Exterior Laminate Standard,https://images.unsplash.com/photo-1600210492486-724fe5c67fb0?auto=format&fit=crop&w=900&q=80,https://www.merinoindia.com/,0.8 mm,Standard,Standard,Standard,Multiple,Sq Ft,8x4 ft sheet,146.41,131.77,168.37,Verify current GST,5,4,Furniture and interior surfaces,Suitable for standard construction applications,"Verify grade, compatibility and supplier quality before purchase",Check local supplier,India,Indicative demo/reference price,Synthetic catalog row for prototype,2026-09-16
MAT0371,Laminates,Compact Laminate,CenturyLaminates,CenturyLaminates Compact Laminate Standard,https://images.unsplash.com/photo-1600210492486-724fe5c67fb0?auto=format&fit=crop&w=900&q=80,https://www.centuryply.com/,1.0 mm,Standard,Standard,Standard,Silver,Sq Ft,1 sq ft,127.07,114.36,146.13,Verify current GST,3,4,Furniture and interior surfaces,Suitable for standard construction applications,"Verify grade, compatibility and supplier quality before purchase",Check local supplier,India,Indicative demo/reference price,Synthetic catalog row for prototype,2026-09-16
MAT0372,Laminates,Anti-Fingerprint Laminate,Stylam,Stylam Anti-Fingerprint Laminate Standard,https://images.unsplash.com/photo-1600210492486-724fe5c67fb0?auto=format&fit=crop&w=900&q=80,https://www.stylam.com/,1.5 mm,Standard,Standard,Standard,Silver,Sq Ft,8x4 ft sheet,111.28,100.15,127.97,Verify current GST,3,3,Furniture and interior surfaces,Suitable for standard construction applications,"Verify grade, compatibility and supplier quality before purchase",Check local supplier,India,Indicative demo/reference price,Synthetic catalog row for prototype,2026-09-16
MAT0373,Laminates,Decorative Laminate,Greenlam,Greenlam Decorative Laminate Standard,https://images.unsplash.com/photo-1600210492486-724fe5c67fb0?auto=format&fit=crop&w=900&q=80,https://www.greenlam.com/,0.8 mm,Standard,Standard,Standard,Beige,Sq Ft,1 sq ft,129.48,116.53,148.9,Verify current GST,4,3,Furniture and interior surfaces,Suitable for standard construction applications,"Verify grade, compatibility and supplier quality before purchase",Check local supplier,India,Indicative demo/reference price,Synthetic catalog row for prototype,2026-09-16
MAT0374,Laminates,Exterior Laminate,Merino,Merino Exterior Laminate Standard,https://images.unsplash.com/photo-1600210492486-724fe5c67fb0?auto=format&fit=crop&w=900&q=80,https://www.merinoindia.com/,1.0 mm,Standard,Standard,Standard,Beige,Sq Ft,8x4 ft sheet,228.98,206.08,263.33,Verify current GST,5,3,Furniture and interior surfaces,Suitable for standard construction applications,"Verify grade, compatibility and supplier quality before purchase",Check local supplier,India,Indicative demo/reference price,Synthetic catalog row for prototype,2026-09-16
MAT0375,Laminates,Compact Laminate,CenturyLaminates,CenturyLaminates Compact Laminate Standard,https://images.unsplash.com/photo-1600210492486-724fe5c67fb0?auto=format&fit=crop&w=900&q=80,https://www.centuryply.com/,1.5 mm,Standard,Standard,Standard,Silver,Sq Ft,1 sq ft,68.78,61.9,79.1,Verify current GST,4,4,Furniture and interior surfaces,Suitable for standard construction applications,"Verify grade, compatibility and supplier quality before purchase",Check local supplier,India,Indicative demo/reference price,Synthetic catalog row for prototype,2026-09-16
MAT0376,Laminates,Anti-Fingerprint Laminate,Stylam,Stylam Anti-Fingerprint Laminate Standard,https://images.unsplash.com/photo-1600210492486-724fe5c67fb0?auto=format&fit=crop&w=900&q=80,https://www.stylam.com/,0.8 mm,Standard,Standard,Standard,Multiple,Sq Ft,8x4 ft sheet,249.64,224.68,287.09,Verify current GST,3,4,Furniture and interior surfaces,Suitable for standard construction applications,"Verify grade, compatibility and supplier quality before purchase",Check local supplier,India,Indicative demo/reference price,Synthetic catalog row for prototype,2026-09-16
MAT0377,Laminates,Decorative Laminate,Greenlam,Greenlam Decorative Laminate Standard,https://images.unsplash.com/photo-1600210492486-724fe5c67fb0?auto=format&fit=crop&w=900&q=80,https://www.greenlam.com/,1.0 mm,Standard,Standard,Standard,White,Sq Ft,1 sq ft,249.51,224.56,286.94,Verify current GST,4,5,Furniture and interior surfaces,Suitable for standard construction applications,"Verify grade, compatibility and supplier quality before purchase",Check local supplier,India,Indicative demo/reference price,Synthetic catalog row for prototype,2026-09-16
MAT0378,Laminates,Exterior Laminate,Merino,Merino Exterior Laminate Standard,https://images.unsplash.com/photo-1600210492486-724fe5c67fb0?auto=format&fit=crop&w=900&q=80,https://www.merinoindia.com/,1.5 mm,Standard,Standard,Standard,Natural,Sq Ft,8x4 ft sheet,172.65,155.39,198.55,Verify current GST,4,5,Furniture and interior surfaces,Suitable for standard construction applications,"Verify grade, compatibility and supplier quality before purchase",Check local supplier,India,Indicative demo/reference price,Synthetic catalog row for prototype,2026-09-16
MAT0379,Laminates,Compact Laminate,CenturyLaminates,CenturyLaminates Compact Laminate Standard,https://images.unsplash.com/photo-1600210492486-724fe5c67fb0?auto=format&fit=crop&w=900&q=80,https://www.centuryply.com/,0.8 mm,Standard,Standard,Standard,Grey,Sq Ft,1 sq ft,188.16,169.34,216.38,Verify current GST,4,3,Furniture and interior surfaces,Suitable for standard construction applications,"Verify grade, compatibility and supplier quality before purchase",Check local supplier,India,Indicative demo/reference price,Synthetic catalog row for prototype,2026-09-16
MAT0380,Laminates,Anti-Fingerprint Laminate,Stylam,Stylam Anti-Fingerprint Laminate Standard,https://images.unsplash.com/photo-1600210492486-724fe5c67fb0?auto=format&fit=crop&w=900&q=80,https://www.stylam.com/,1.0 mm,Standard,Standard,Standard,White,Sq Ft,8x4 ft sheet,205.81,185.23,236.68,Verify current GST,5,5,Furniture and interior surfaces,Suitable for standard construction applications,"Verify grade, compatibility and supplier quality before purchase",Check local supplier,India,Indicative demo/reference price,Synthetic catalog row for prototype,2026-09-16
MAT0381,Laminates,Decorative Laminate,Greenlam,Greenlam Decorative Laminate Standard,https://images.unsplash.com/photo-1600210492486-724fe5c67fb0?auto=format&fit=crop&w=900&q=80,https://www.greenlam.com/,1.5 mm,Standard,Standard,Standard,Brown,Sq Ft,1 sq ft,108.66,97.79,124.96,Verify current GST,4,5,Furniture and interior surfaces,Suitable for standard construction applications,"Verify grade, compatibility and supplier quality before purchase",Check local supplier,India,Indicative demo/reference price,Synthetic catalog row for prototype,2026-09-16
MAT0382,Laminates,Exterior Laminate,Merino,Merino Exterior Laminate Standard,https://images.unsplash.com/photo-1600210492486-724fe5c67fb0?auto=format&fit=crop&w=900&q=80,https://www.merinoindia.com/,0.8 mm,Standard,Standard,Standard,Brown,Sq Ft,8x4 ft sheet,259.25,233.33,298.14,Verify current GST,4,5,Furniture and interior surfaces,Suitable for standard construction applications,"Verify grade, compatibility and supplier quality before purchase",Check local supplier,India,Indicative demo/reference price,Synthetic catalog row for prototype,2026-09-16
MAT0383,Laminates,Compact Laminate,CenturyLaminates,CenturyLaminates Compact Laminate Standard,https://images.unsplash.com/photo-1600210492486-724fe5c67fb0?auto=format&fit=crop&w=900&q=80,https://www.centuryply.com/,1.0 mm,Standard,Standard,Standard,Beige,Sq Ft,1 sq ft,80.14,72.13,92.16,Verify current GST,3,5,Furniture and interior surfaces,Suitable for standard construction applications,"Verify grade, compatibility and supplier quality before purchase",Check local supplier,India,Indicative demo/reference price,Synthetic catalog row for prototype,2026-09-16
MAT0384,Laminates,Anti-Fingerprint Laminate,Stylam,Stylam Anti-Fingerprint Laminate Standard,https://images.unsplash.com/photo-1600210492486-724fe5c67fb0?auto=format&fit=crop&w=900&q=80,https://www.stylam.com/,1.5 mm,Standard,Standard,Standard,Natural,Sq Ft,8x4 ft sheet,239.23,215.31,275.11,Verify current GST,5,3,Furniture and interior surfaces,Suitable for standard construction applications,"Verify grade, compatibility and supplier quality before purchase",Check local supplier,India,Indicative demo/reference price,Synthetic catalog row for prototype,2026-09-16
MAT0385,Laminates,Decorative Laminate,Greenlam,Greenlam Decorative Laminate Standard,https://images.unsplash.com/photo-1600210492486-724fe5c67fb0?auto=format&fit=crop&w=900&q=80,https://www.greenlam.com/,0.8 mm,Standard,Standard,Standard,Black,Sq Ft,1 sq ft,191.91,172.72,220.7,Verify current GST,3,4,Furniture and interior surfaces,Suitable for standard construction applications,"Verify grade, compatibility and supplier quality before purchase",Check local supplier,India,Indicative demo/reference price,Synthetic catalog row for prototype,2026-09-16
MAT0386,Laminates,Exterior Laminate,Merino,Merino Exterior Laminate Standard,https://images.unsplash.com/photo-1600210492486-724fe5c67fb0?auto=format&fit=crop&w=900&q=80,https://www.merinoindia.com/,1.0 mm,Standard,Standard,Standard,Brown,Sq Ft,8x4 ft sheet,229.53,206.58,263.96,Verify current GST,4,4,Furniture and interior surfaces,Suitable for standard construction applications,"Verify grade, compatibility and supplier quality before purchase",Check local supplier,India,Indicative demo/reference price,Synthetic catalog row for prototype,2026-09-16
MAT0387,Laminates,Compact Laminate,CenturyLaminates,CenturyLaminates Compact Laminate Standard,https://images.unsplash.com/photo-1600210492486-724fe5c67fb0?auto=format&fit=crop&w=900&q=80,https://www.centuryply.com/,1.5 mm,Standard,Standard,Standard,Brown,Sq Ft,1 sq ft,79.88,71.89,91.86,Verify current GST,4,4,Furniture and interior surfaces,Suitable for standard construction applications,"Verify grade, compatibility and supplier quality before purchase",Check local supplier,India,Indicative demo/reference price,Synthetic catalog row for prototype,2026-09-16
MAT0388,Laminates,Anti-Fingerprint Laminate,Stylam,Stylam Anti-Fingerprint Laminate Standard,https://images.unsplash.com/photo-1600210492486-724fe5c67fb0?auto=format&fit=crop&w=900&q=80,https://www.stylam.com/,0.8 mm,Standard,Standard,Standard,Natural,Sq Ft,8x4 ft sheet,217.03,195.33,249.58,Verify current GST,3,4,Furniture and interior surfaces,Suitable for standard construction applications,"Verify grade, compatibility and supplier quality before purchase",Check local supplier,India,Indicative demo/reference price,Synthetic catalog row for prototype,2026-09-16
MAT0389,Laminates,Decorative Laminate,Greenlam,Greenlam Decorative Laminate Standard,https://images.unsplash.com/photo-1600210492486-724fe5c67fb0?auto=format&fit=crop&w=900&q=80,https://www.greenlam.com/,1.0 mm,Standard,Standard,Standard,White,Sq Ft,1 sq ft,150.82,135.74,173.44,Verify current GST,4,3,Furniture and interior surfaces,Suitable for standard construction applications,"Verify grade, compatibility and supplier quality before purchase",Check local supplier,India,Indicative demo/reference price,Synthetic catalog row for prototype,2026-09-16
MAT0390,Laminates,Exterior Laminate,Merino,Merino Exterior Laminate Standard,https://images.unsplash.com/photo-1600210492486-724fe5c67fb0?auto=format&fit=crop&w=900&q=80,https://www.merinoindia.com/,1.5 mm,Standard,Standard,Standard,Silver,Sq Ft,8x4 ft sheet,118.4,106.56,136.16,Verify current GST,5,5,Furniture and interior surfaces,Suitable for standard construction applications,"Verify grade, compatibility and supplier quality before purchase",Check local supplier,India,Indicative demo/reference price,Synthetic catalog row for prototype,2026-09-16
MAT0391,Waterproofing,Cementitious Coating,Dr. Fixit,Dr. Fixit Cementitious Coating Standard,https://images.unsplash.com/photo-1504307651254-35680f356dfd?auto=format&fit=crop&w=900&q=80,https://www.drfixit.co.in/,Polymer Modified,Standard,Standard,,Natural,Kg,1 kg,3720.93,3348.84,4279.07,Verify current GST,3,4,"Terraces, bathrooms, roofs and foundations",Suitable for standard construction applications,"Verify grade, compatibility and supplier quality before purchase",Check local supplier,India,Indicative demo/reference price,Synthetic catalog row for prototype,2026-09-16
MAT0392,Waterproofing,Integral Waterproofing,Sika,Sika Integral Waterproofing Standard,https://images.unsplash.com/photo-1504307651254-35680f356dfd?auto=format&fit=crop&w=900&q=80,https://ind.sika.com/,Cementitious,Standard,Standard,,Natural,Litre,5 kg,2922.71,2630.44,3361.12,Verify current GST,5,5,"Terraces, bathrooms, roofs and foundations",Suitable for standard construction applications,"Verify grade, compatibility and supplier quality before purchase",Check local supplier,India,Indicative demo/reference price,Synthetic catalog row for prototype,2026-09-16
MAT0393,Waterproofing,Roof Coating,Fosroc,Fosroc Roof Coating Standard,https://images.unsplash.com/photo-1504307651254-35680f356dfd?auto=format&fit=crop&w=900&q=80,https://www.fosroc.com/,SBR,Standard,Standard,,Silver,Sq Ft,20 kg,655.96,590.36,754.35,Verify current GST,4,4,"Terraces, bathrooms, roofs and foundations",Suitable for standard construction applications,"Verify grade, compatibility and supplier quality before purchase",Check local supplier,India,Indicative demo/reference price,Synthetic catalog row for prototype,2026-09-16
MAT0394,Waterproofing,Crack Filler,UltraTech,UltraTech Crack Filler Standard,https://images.unsplash.com/photo-1504307651254-35680f356dfd?auto=format&fit=crop&w=900&q=80,https://www.ultratechcement.com/,Acrylic,Standard,Standard,,Beige,Kg,1 kg,2307.63,2076.87,2653.77,Verify current GST,3,3,"Terraces, bathrooms, roofs and foundations",Suitable for standard construction applications,"Verify grade, compatibility and supplier quality before purchase",Check local supplier,India,Indicative demo/reference price,Synthetic catalog row for prototype,2026-09-16
MAT0395,Waterproofing,Waterproofing Membrane,Dr. Fixit,Dr. Fixit Waterproofing Membrane Standard,https://images.unsplash.com/photo-1504307651254-35680f356dfd?auto=format&fit=crop&w=900&q=80,https://www.drfixit.co.in/,Polymer Modified,Standard,Standard,,Brown,Litre,5 kg,1431.19,1288.07,1645.87,Verify current GST,4,4,"Terraces, bathrooms, roofs and foundations",Suitable for standard construction applications,"Verify grade, compatibility and supplier quality before purchase",Check local supplier,India,Indicative demo/reference price,Synthetic catalog row for prototype,2026-09-16
MAT0396,Waterproofing,Cementitious Coating,Sika,Sika Cementitious Coating Standard,https://images.unsplash.com/photo-1504307651254-35680f356dfd?auto=format&fit=crop&w=900&q=80,https://ind.sika.com/,Cementitious,Standard,Standard,,Black,Sq Ft,20 kg,1615.96,1454.36,1858.35,Verify current GST,4,3,"Terraces, bathrooms, roofs and foundations",Suitable for standard construction applications,"Verify grade, compatibility and supplier quality before purchase",Check local supplier,India,Indicative demo/reference price,Synthetic catalog row for prototype,2026-09-16
MAT0397,Waterproofing,Integral Waterproofing,Fosroc,Fosroc Integral Waterproofing Standard,https://images.unsplash.com/photo-1504307651254-35680f356dfd?auto=format&fit=crop&w=900&q=80,https://www.fosroc.com/,SBR,Standard,Standard,,Black,Kg,1 kg,955.69,860.12,1099.04,Verify current GST,4,4,"Terraces, bathrooms, roofs and foundations",Suitable for standard construction applications,"Verify grade, compatibility and supplier quality before purchase",Check local supplier,India,Indicative demo/reference price,Synthetic catalog row for prototype,2026-09-16
MAT0398,Waterproofing,Roof Coating,UltraTech,UltraTech Roof Coating Standard,https://images.unsplash.com/photo-1504307651254-35680f356dfd?auto=format&fit=crop&w=900&q=80,https://www.ultratechcement.com/,Acrylic,Standard,Standard,,Beige,Litre,5 kg,2799.63,2519.67,3219.57,Verify current GST,3,4,"Terraces, bathrooms, roofs and foundations",Suitable for standard construction applications,"Verify grade, compatibility and supplier quality before purchase",Check local supplier,India,Indicative demo/reference price,Synthetic catalog row for prototype,2026-09-16
MAT0399,Waterproofing,Crack Filler,Dr. Fixit,Dr. Fixit Crack Filler Standard,https://images.unsplash.com/photo-1504307651254-35680f356dfd?auto=format&fit=crop&w=900&q=80,https://www.drfixit.co.in/,Polymer Modified,Standard,Standard,,Grey,Sq Ft,20 kg,844.99,760.49,971.74,Verify current GST,4,3,"Terraces, bathrooms, roofs and foundations",Suitable for standard construction applications,"Verify grade, compatibility and supplier quality before purchase",Check local supplier,India,Indicative demo/reference price,Synthetic catalog row for prototype,2026-09-16
MAT0400,Waterproofing,Waterproofing Membrane,Sika,Sika Waterproofing Membrane Standard,https://images.unsplash.com/photo-1504307651254-35680f356dfd?auto=format&fit=crop&w=900&q=80,https://ind.sika.com/,Cementitious,Standard,Standard,,Silver,Kg,1 kg,448.19,403.37,515.42,Verify current GST,4,4,"Terraces, bathrooms, roofs and foundations",Suitable for standard construction applications,"Verify grade, compatibility and supplier quality before purchase",Check local supplier,India,Indicative demo/reference price,Synthetic catalog row for prototype,2026-09-16
MAT0401,Waterproofing,Cementitious Coating,Fosroc,Fosroc Cementitious Coating Standard,https://images.unsplash.com/photo-1504307651254-35680f356dfd?auto=format&fit=crop&w=900&q=80,https://www.fosroc.com/,SBR,Standard,Standard,,Black,Litre,5 kg,2815.86,2534.27,3238.24,Verify current GST,3,5,"Terraces, bathrooms, roofs and foundations",Suitable for standard construction applications,"Verify grade, compatibility and supplier quality before purchase",Check local supplier,India,Indicative demo/reference price,Synthetic catalog row for prototype,2026-09-16
MAT0402,Waterproofing,Integral Waterproofing,UltraTech,UltraTech Integral Waterproofing Standard,https://images.unsplash.com/photo-1504307651254-35680f356dfd?auto=format&fit=crop&w=900&q=80,https://www.ultratechcement.com/,Acrylic,Standard,Standard,,Brown,Sq Ft,20 kg,2920.81,2628.73,3358.93,Verify current GST,4,5,"Terraces, bathrooms, roofs and foundations",Suitable for standard construction applications,"Verify grade, compatibility and supplier quality before purchase",Check local supplier,India,Indicative demo/reference price,Synthetic catalog row for prototype,2026-09-16
MAT0403,Waterproofing,Roof Coating,Dr. Fixit,Dr. Fixit Roof Coating Standard,https://images.unsplash.com/photo-1504307651254-35680f356dfd?auto=format&fit=crop&w=900&q=80,https://www.drfixit.co.in/,Polymer Modified,Standard,Standard,,Multiple,Kg,1 kg,3638.67,3274.8,4184.47,Verify current GST,5,4,"Terraces, bathrooms, roofs and foundations",Suitable for standard construction applications,"Verify grade, compatibility and supplier quality before purchase",Check local supplier,India,Indicative demo/reference price,Synthetic catalog row for prototype,2026-09-16
MAT0404,Waterproofing,Crack Filler,Sika,Sika Crack Filler Standard,https://images.unsplash.com/photo-1504307651254-35680f356dfd?auto=format&fit=crop&w=900&q=80,https://ind.sika.com/,Cementitious,Standard,Standard,,Multiple,Litre,5 kg,411.81,370.63,473.58,Verify current GST,3,4,"Terraces, bathrooms, roofs and foundations",Suitable for standard construction applications,"Verify grade, compatibility and supplier quality before purchase",Check local supplier,India,Indicative demo/reference price,Synthetic catalog row for prototype,2026-09-16
MAT0405,Waterproofing,Waterproofing Membrane,Fosroc,Fosroc Waterproofing Membrane Standard,https://images.unsplash.com/photo-1504307651254-35680f356dfd?auto=format&fit=crop&w=900&q=80,https://www.fosroc.com/,SBR,Standard,Standard,,Natural,Sq Ft,20 kg,1922.89,1730.6,2211.32,Verify current GST,5,4,"Terraces, bathrooms, roofs and foundations",Suitable for standard construction applications,"Verify grade, compatibility and supplier quality before purchase",Check local supplier,India,Indicative demo/reference price,Synthetic catalog row for prototype,2026-09-16
MAT0406,Waterproofing,Cementitious Coating,UltraTech,UltraTech Cementitious Coating Standard,https://images.unsplash.com/photo-1504307651254-35680f356dfd?auto=format&fit=crop&w=900&q=80,https://www.ultratechcement.com/,Acrylic,Standard,Standard,,Natural,Kg,1 kg,2765.37,2488.83,3180.18,Verify current GST,4,4,"Terraces, bathrooms, roofs and foundations",Suitable for standard construction applications,"Verify grade, compatibility and supplier quality before purchase",Check local supplier,India,Indicative demo/reference price,Synthetic catalog row for prototype,2026-09-16
MAT0407,Waterproofing,Integral Waterproofing,Dr. Fixit,Dr. Fixit Integral Waterproofing Standard,https://images.unsplash.com/photo-1504307651254-35680f356dfd?auto=format&fit=crop&w=900&q=80,https://www.drfixit.co.in/,Polymer Modified,Standard,Standard,,White,Litre,5 kg,4391.4,3952.26,5050.11,Verify current GST,4,4,"Terraces, bathrooms, roofs and foundations",Suitable for standard construction applications,"Verify grade, compatibility and supplier quality before purchase",Check local supplier,India,Indicative demo/reference price,Synthetic catalog row for prototype,2026-09-16
MAT0408,Waterproofing,Roof Coating,Sika,Sika Roof Coating Standard,https://images.unsplash.com/photo-1504307651254-35680f356dfd?auto=format&fit=crop&w=900&q=80,https://ind.sika.com/,Cementitious,Standard,Standard,,Black,Sq Ft,20 kg,1497.3,1347.57,1721.89,Verify current GST,5,3,"Terraces, bathrooms, roofs and foundations",Suitable for standard construction applications,"Verify grade, compatibility and supplier quality before purchase",Check local supplier,India,Indicative demo/reference price,Synthetic catalog row for prototype,2026-09-16
MAT0409,Waterproofing,Crack Filler,Fosroc,Fosroc Crack Filler Standard,https://images.unsplash.com/photo-1504307651254-35680f356dfd?auto=format&fit=crop&w=900&q=80,https://www.fosroc.com/,SBR,Standard,Standard,,Grey,Kg,1 kg,2072.72,1865.45,2383.63,Verify current GST,4,3,"Terraces, bathrooms, roofs and foundations",Suitable for standard construction applications,"Verify grade, compatibility and supplier quality before purchase",Check local supplier,India,Indicative demo/reference price,Synthetic catalog row for prototype,2026-09-16
MAT0410,Waterproofing,Waterproofing Membrane,UltraTech,UltraTech Waterproofing Membrane Standard,https://images.unsplash.com/photo-1504307651254-35680f356dfd?auto=format&fit=crop&w=900&q=80,https://www.ultratechcement.com/,Acrylic,Standard,Standard,,Brown,Litre,5 kg,1369.83,1232.85,1575.3,Verify current GST,5,5,"Terraces, bathrooms, roofs and foundations",Suitable for standard construction applications,"Verify grade, compatibility and supplier quality before purchase",Check local supplier,India,Indicative demo/reference price,Synthetic catalog row for prototype,2026-09-16
MAT0411,Waterproofing,Cementitious Coating,Dr. Fixit,Dr. Fixit Cementitious Coating Standard,https://images.unsplash.com/photo-1504307651254-35680f356dfd?auto=format&fit=crop&w=900&q=80,https://www.drfixit.co.in/,Polymer Modified,Standard,Standard,,Natural,Sq Ft,20 kg,4335.44,3901.9,4985.76,Verify current GST,4,4,"Terraces, bathrooms, roofs and foundations",Suitable for standard construction applications,"Verify grade, compatibility and supplier quality before purchase",Check local supplier,India,Indicative demo/reference price,Synthetic catalog row for prototype,2026-09-16
MAT0412,Waterproofing,Integral Waterproofing,Sika,Sika Integral Waterproofing Standard,https://images.unsplash.com/photo-1504307651254-35680f356dfd?auto=format&fit=crop&w=900&q=80,https://ind.sika.com/,Cementitious,Standard,Standard,,Multiple,Kg,1 kg,927.17,834.45,1066.25,Verify current GST,4,5,"Terraces, bathrooms, roofs and foundations",Suitable for standard construction applications,"Verify grade, compatibility and supplier quality before purchase",Check local supplier,India,Indicative demo/reference price,Synthetic catalog row for prototype,2026-09-16
MAT0413,Waterproofing,Roof Coating,Fosroc,Fosroc Roof Coating Standard,https://images.unsplash.com/photo-1504307651254-35680f356dfd?auto=format&fit=crop&w=900&q=80,https://www.fosroc.com/,SBR,Standard,Standard,,Grey,Litre,5 kg,2289.53,2060.58,2632.96,Verify current GST,4,5,"Terraces, bathrooms, roofs and foundations",Suitable for standard construction applications,"Verify grade, compatibility and supplier quality before purchase",Check local supplier,India,Indicative demo/reference price,Synthetic catalog row for prototype,2026-09-16
MAT0414,Waterproofing,Crack Filler,UltraTech,UltraTech Crack Filler Standard,https://images.unsplash.com/photo-1504307651254-35680f356dfd?auto=format&fit=crop&w=900&q=80,https://www.ultratechcement.com/,Acrylic,Standard,Standard,,Brown,Sq Ft,20 kg,487.12,438.41,560.19,Verify current GST,5,5,"Terraces, bathrooms, roofs and foundations",Suitable for standard construction applications,"Verify grade, compatibility and supplier quality before purchase",Check local supplier,India,Indicative demo/reference price,Synthetic catalog row for prototype,2026-09-16
MAT0415,Waterproofing,Waterproofing Membrane,Dr. Fixit,Dr. Fixit Waterproofing Membrane Standard,https://images.unsplash.com/photo-1504307651254-35680f356dfd?auto=format&fit=crop&w=900&q=80,https://www.drfixit.co.in/,Polymer Modified,Standard,Standard,,Grey,Kg,1 kg,1038.79,934.91,1194.61,Verify current GST,4,3,"Terraces, bathrooms, roofs and foundations",Suitable for standard construction applications,"Verify grade, compatibility and supplier quality before purchase",Check local supplier,India,Indicative demo/reference price,Synthetic catalog row for prototype,2026-09-16
MAT0416,Waterproofing,Cementitious Coating,Sika,Sika Cementitious Coating Standard,https://images.unsplash.com/photo-1504307651254-35680f356dfd?auto=format&fit=crop&w=900&q=80,https://ind.sika.com/,Cementitious,Standard,Standard,,Grey,Litre,5 kg,1330.78,1197.7,1530.4,Verify current GST,5,4,"Terraces, bathrooms, roofs and foundations",Suitable for standard construction applications,"Verify grade, compatibility and supplier quality before purchase",Check local supplier,India,Indicative demo/reference price,Synthetic catalog row for prototype,2026-09-16
MAT0417,Waterproofing,Integral Waterproofing,Fosroc,Fosroc Integral Waterproofing Standard,https://images.unsplash.com/photo-1504307651254-35680f356dfd?auto=format&fit=crop&w=900&q=80,https://www.fosroc.com/,SBR,Standard,Standard,,Black,Sq Ft,20 kg,3826.03,3443.43,4399.93,Verify current GST,5,4,"Terraces, bathrooms, roofs and foundations",Suitable for standard construction applications,"Verify grade, compatibility and supplier quality before purchase",Check local supplier,India,Indicative demo/reference price,Synthetic catalog row for prototype,2026-09-16
MAT0418,Waterproofing,Roof Coating,UltraTech,UltraTech Roof Coating Standard,https://images.unsplash.com/photo-1504307651254-35680f356dfd?auto=format&fit=crop&w=900&q=80,https://www.ultratechcement.com/,Acrylic,Standard,Standard,,Grey,Kg,1 kg,3298.31,2968.48,3793.06,Verify current GST,5,4,"Terraces, bathrooms, roofs and foundations",Suitable for standard construction applications,"Verify grade, compatibility and supplier quality before purchase",Check local supplier,India,Indicative demo/reference price,Synthetic catalog row for prototype,2026-09-16
MAT0419,Waterproofing,Crack Filler,Dr. Fixit,Dr. Fixit Crack Filler Standard,https://images.unsplash.com/photo-1504307651254-35680f356dfd?auto=format&fit=crop&w=900&q=80,https://www.drfixit.co.in/,Polymer Modified,Standard,Standard,,Black,Litre,5 kg,1856.56,1670.9,2135.04,Verify current GST,4,4,"Terraces, bathrooms, roofs and foundations",Suitable for standard construction applications,"Verify grade, compatibility and supplier quality before purchase",Check local supplier,India,Indicative demo/reference price,Synthetic catalog row for prototype,2026-09-16
MAT0420,Waterproofing,Waterproofing Membrane,Sika,Sika Waterproofing Membrane Standard,https://images.unsplash.com/photo-1504307651254-35680f356dfd?auto=format&fit=crop&w=900&q=80,https://ind.sika.com/,Cementitious,Standard,Standard,,White,Sq Ft,20 kg,414.28,372.85,476.42,Verify current GST,5,4,"Terraces, bathrooms, roofs and foundations",Suitable for standard construction applications,"Verify grade, compatibility and supplier quality before purchase",Check local supplier,India,Indicative demo/reference price,Synthetic catalog row for prototype,2026-09-16
MAT0421,Adhesives & Grouts,Tile Adhesive,Pidilite,Pidilite Tile Adhesive Standard,https://images.unsplash.com/photo-1503387762-592deb58ef4e?auto=format&fit=crop&w=900&q=80,https://www.pidilite.com/,C1,Standard,Standard,,Natural,Kg,1 kg,330.98,297.88,380.63,Verify current GST,3,5,"Tile, stone and construction bonding",Suitable for standard construction applications,"Verify grade, compatibility and supplier quality before purchase",Check local supplier,India,Indicative demo/reference price,Synthetic catalog row for prototype,2026-09-16
MAT0422,Adhesives & Grouts,Stone Adhesive,Roff,Roff Stone Adhesive Standard,https://images.unsplash.com/photo-1503387762-592deb58ef4e?auto=format&fit=crop&w=900&q=80,https://www.roff.in/,C2,Standard,Standard,,Beige,Kg,5 kg,1760.05,1584.05,2024.06,Verify current GST,4,4,"Tile, stone and construction bonding",Suitable for standard construction applications,"Verify grade, compatibility and supplier quality before purchase",Check local supplier,India,Indicative demo/reference price,Synthetic catalog row for prototype,2026-09-16
MAT0423,Adhesives & Grouts,Epoxy Grout,MYK Laticrete,MYK Laticrete Epoxy Grout Standard,https://images.unsplash.com/photo-1503387762-592deb58ef4e?auto=format&fit=crop&w=900&q=80,https://www.myklaticrete.com/,Polymer Modified,Standard,Standard,,Grey,Kg,20 kg,481.98,433.78,554.28,Verify current GST,5,3,"Tile, stone and construction bonding",Suitable for standard construction applications,"Verify grade, compatibility and supplier quality before purchase",Check local supplier,India,Indicative demo/reference price,Synthetic catalog row for prototype,2026-09-16
MAT0424,Adhesives & Grouts,Cement Grout,Weber,Weber Cement Grout Standard,https://images.unsplash.com/photo-1503387762-592deb58ef4e?auto=format&fit=crop&w=900&q=80,https://www.in.weber/,Epoxy,Standard,Standard,,Multiple,Kg,1 kg,138.47,124.62,159.24,Verify current GST,4,5,"Tile, stone and construction bonding",Suitable for standard construction applications,"Verify grade, compatibility and supplier quality before purchase",Check local supplier,India,Indicative demo/reference price,Synthetic catalog row for prototype,2026-09-16
MAT0425,Adhesives & Grouts,Construction Adhesive,Pidilite,Pidilite Construction Adhesive Standard,https://images.unsplash.com/photo-1503387762-592deb58ef4e?auto=format&fit=crop&w=900&q=80,https://www.pidilite.com/,C1,Standard,Standard,,Natural,Kg,5 kg,374.48,337.03,430.65,Verify current GST,4,4,"Tile, stone and construction bonding",Suitable for standard construction applications,"Verify grade, compatibility and supplier quality before purchase",Check local supplier,India,Indicative demo/reference price,Synthetic catalog row for prototype,2026-09-16
MAT0426,Adhesives & Grouts,Tile Adhesive,Roff,Roff Tile Adhesive Standard,https://images.unsplash.com/photo-1503387762-592deb58ef4e?auto=format&fit=crop&w=900&q=80,https://www.roff.in/,C2,Standard,Standard,,Multiple,Kg,20 kg,403.57,363.21,464.11,Verify current GST,4,4,"Tile, stone and construction bonding",Suitable for standard construction applications,"Verify grade, compatibility and supplier quality before purchase",Check local supplier,India,Indicative demo/reference price,Synthetic catalog row for prototype,2026-09-16
MAT0427,Adhesives & Grouts,Stone Adhesive,MYK Laticrete,MYK Laticrete Stone Adhesive Standard,https://images.unsplash.com/photo-1503387762-592deb58ef4e?auto=format&fit=crop&w=900&q=80,https://www.myklaticrete.com/,Polymer Modified,Standard,Standard,,Grey,Kg,1 kg,1575.25,1417.73,1811.54,Verify current GST,4,5,"Tile, stone and construction bonding",Suitable for standard construction applications,"Verify grade, compatibility and supplier quality before purchase",Check local supplier,India,Indicative demo/reference price,Synthetic catalog row for prototype,2026-09-16
MAT0428,Adhesives & Grouts,Epoxy Grout,Weber,Weber Epoxy Grout Standard,https://images.unsplash.com/photo-1503387762-592deb58ef4e?auto=format&fit=crop&w=900&q=80,https://www.in.weber/,Epoxy,Standard,Standard,,Black,Kg,5 kg,845.13,760.62,971.9,Verify current GST,3,5,"Tile, stone and construction bonding",Suitable for standard construction applications,"Verify grade, compatibility and supplier quality before purchase",Check local supplier,India,Indicative demo/reference price,Synthetic catalog row for prototype,2026-09-16
MAT0429,Adhesives & Grouts,Cement Grout,Pidilite,Pidilite Cement Grout Standard,https://images.unsplash.com/photo-1503387762-592deb58ef4e?auto=format&fit=crop&w=900&q=80,https://www.pidilite.com/,C1,Standard,Standard,,Black,Kg,20 kg,1764.04,1587.64,2028.65,Verify current GST,3,5,"Tile, stone and construction bonding",Suitable for standard construction applications,"Verify grade, compatibility and supplier quality before purchase",Check local supplier,India,Indicative demo/reference price,Synthetic catalog row for prototype,2026-09-16
MAT0430,Adhesives & Grouts,Construction Adhesive,Roff,Roff Construction Adhesive Standard,https://images.unsplash.com/photo-1503387762-592deb58ef4e?auto=format&fit=crop&w=900&q=80,https://www.roff.in/,C2,Standard,Standard,,Multiple,Kg,1 kg,2129.37,1916.43,2448.78,Verify current GST,4,3,"Tile, stone and construction bonding",Suitable for standard construction applications,"Verify grade, compatibility and supplier quality before purchase",Check local supplier,India,Indicative demo/reference price,Synthetic catalog row for prototype,2026-09-16
MAT0431,Adhesives & Grouts,Tile Adhesive,MYK Laticrete,MYK Laticrete Tile Adhesive Standard,https://images.unsplash.com/photo-1503387762-592deb58ef4e?auto=format&fit=crop&w=900&q=80,https://www.myklaticrete.com/,Polymer Modified,Standard,Standard,,Brown,Kg,5 kg,420.75,378.68,483.86,Verify current GST,5,4,"Tile, stone and construction bonding",Suitable for standard construction applications,"Verify grade, compatibility and supplier quality before purchase",Check local supplier,India,Indicative demo/reference price,Synthetic catalog row for prototype,2026-09-16
MAT0432,Adhesives & Grouts,Stone Adhesive,Weber,Weber Stone Adhesive Standard,https://images.unsplash.com/photo-1503387762-592deb58ef4e?auto=format&fit=crop&w=900&q=80,https://www.in.weber/,Epoxy,Standard,Standard,,Grey,Kg,20 kg,122.72,110.45,141.13,Verify current GST,3,4,"Tile, stone and construction bonding",Suitable for standard construction applications,"Verify grade, compatibility and supplier quality before purchase",Check local supplier,India,Indicative demo/reference price,Synthetic catalog row for prototype,2026-09-16
MAT0433,Adhesives & Grouts,Epoxy Grout,Pidilite,Pidilite Epoxy Grout Standard,https://images.unsplash.com/photo-1503387762-592deb58ef4e?auto=format&fit=crop&w=900&q=80,https://www.pidilite.com/,C1,Standard,Standard,,Silver,Kg,1 kg,1001.03,900.93,1151.18,Verify current GST,5,4,"Tile, stone and construction bonding",Suitable for standard construction applications,"Verify grade, compatibility and supplier quality before purchase",Check local supplier,India,Indicative demo/reference price,Synthetic catalog row for prototype,2026-09-16
MAT0434,Adhesives & Grouts,Cement Grout,Roff,Roff Cement Grout Standard,https://images.unsplash.com/photo-1503387762-592deb58ef4e?auto=format&fit=crop&w=900&q=80,https://www.roff.in/,C2,Standard,Standard,,Grey,Kg,5 kg,1536.12,1382.51,1766.54,Verify current GST,5,5,"Tile, stone and construction bonding",Suitable for standard construction applications,"Verify grade, compatibility and supplier quality before purchase",Check local supplier,India,Indicative demo/reference price,Synthetic catalog row for prototype,2026-09-16
MAT0435,Adhesives & Grouts,Construction Adhesive,MYK Laticrete,MYK Laticrete Construction Adhesive Standard,https://images.unsplash.com/photo-1503387762-592deb58ef4e?auto=format&fit=crop&w=900&q=80,https://www.myklaticrete.com/,Polymer Modified,Standard,Standard,,Multiple,Kg,20 kg,1568.89,1412.0,1804.22,Verify current GST,4,4,"Tile, stone and construction bonding",Suitable for standard construction applications,"Verify grade, compatibility and supplier quality before purchase",Check local supplier,India,Indicative demo/reference price,Synthetic catalog row for prototype,2026-09-16
MAT0436,Adhesives & Grouts,Tile Adhesive,Weber,Weber Tile Adhesive Standard,https://images.unsplash.com/photo-1503387762-592deb58ef4e?auto=format&fit=crop&w=900&q=80,https://www.in.weber/,Epoxy,Standard,Standard,,Multiple,Kg,1 kg,1182.15,1063.94,1359.47,Verify current GST,4,4,"Tile, stone and construction bonding",Suitable for standard construction applications,"Verify grade, compatibility and supplier quality before purchase",Check local supplier,India,Indicative demo/reference price,Synthetic catalog row for prototype,2026-09-16
MAT0437,Adhesives & Grouts,Stone Adhesive,Pidilite,Pidilite Stone Adhesive Standard,https://images.unsplash.com/photo-1503387762-592deb58ef4e?auto=format&fit=crop&w=900&q=80,https://www.pidilite.com/,C1,Standard,Standard,,Black,Kg,5 kg,2011.51,1810.36,2313.24,Verify current GST,4,4,"Tile, stone and construction bonding",Suitable for standard construction applications,"Verify grade, compatibility and supplier quality before purchase",Check local supplier,India,Indicative demo/reference price,Synthetic catalog row for prototype,2026-09-16
MAT0438,Adhesives & Grouts,Epoxy Grout,Roff,Roff Epoxy Grout Standard,https://images.unsplash.com/photo-1503387762-592deb58ef4e?auto=format&fit=crop&w=900&q=80,https://www.roff.in/,C2,Standard,Standard,,Black,Kg,20 kg,1363.61,1227.25,1568.15,Verify current GST,4,4,"Tile, stone and construction bonding",Suitable for standard construction applications,"Verify grade, compatibility and supplier quality before purchase",Check local supplier,India,Indicative demo/reference price,Synthetic catalog row for prototype,2026-09-16
MAT0439,Adhesives & Grouts,Cement Grout,MYK Laticrete,MYK Laticrete Cement Grout Standard,https://images.unsplash.com/photo-1503387762-592deb58ef4e?auto=format&fit=crop&w=900&q=80,https://www.myklaticrete.com/,Polymer Modified,Standard,Standard,,Black,Kg,1 kg,1252.1,1126.89,1439.91,Verify current GST,4,4,"Tile, stone and construction bonding",Suitable for standard construction applications,"Verify grade, compatibility and supplier quality before purchase",Check local supplier,India,Indicative demo/reference price,Synthetic catalog row for prototype,2026-09-16
MAT0440,Adhesives & Grouts,Construction Adhesive,Weber,Weber Construction Adhesive Standard,https://images.unsplash.com/photo-1503387762-592deb58ef4e?auto=format&fit=crop&w=900&q=80,https://www.in.weber/,Epoxy,Standard,Standard,,Multiple,Kg,5 kg,1567.01,1410.31,1802.06,Verify current GST,5,4,"Tile, stone and construction bonding",Suitable for standard construction applications,"Verify grade, compatibility and supplier quality before purchase",Check local supplier,India,Indicative demo/reference price,Synthetic catalog row for prototype,2026-09-16
MAT0441,Adhesives & Grouts,Tile Adhesive,Pidilite,Pidilite Tile Adhesive Standard,https://images.unsplash.com/photo-1503387762-592deb58ef4e?auto=format&fit=crop&w=900&q=80,https://www.pidilite.com/,C1,Standard,Standard,,White,Kg,20 kg,803.18,722.86,923.66,Verify current GST,4,4,"Tile, stone and construction bonding",Suitable for standard construction applications,"Verify grade, compatibility and supplier quality before purchase",Check local supplier,India,Indicative demo/reference price,Synthetic catalog row for prototype,2026-09-16
MAT0442,Adhesives & Grouts,Stone Adhesive,Roff,Roff Stone Adhesive Standard,https://images.unsplash.com/photo-1503387762-592deb58ef4e?auto=format&fit=crop&w=900&q=80,https://www.roff.in/,C2,Standard,Standard,,Natural,Kg,1 kg,1285.11,1156.6,1477.88,Verify current GST,5,5,"Tile, stone and construction bonding",Suitable for standard construction applications,"Verify grade, compatibility and supplier quality before purchase",Check local supplier,India,Indicative demo/reference price,Synthetic catalog row for prototype,2026-09-16
MAT0443,Adhesives & Grouts,Epoxy Grout,MYK Laticrete,MYK Laticrete Epoxy Grout Standard,https://images.unsplash.com/photo-1503387762-592deb58ef4e?auto=format&fit=crop&w=900&q=80,https://www.myklaticrete.com/,Polymer Modified,Standard,Standard,,Grey,Kg,5 kg,2102.64,1892.38,2418.04,Verify current GST,4,4,"Tile, stone and construction bonding",Suitable for standard construction applications,"Verify grade, compatibility and supplier quality before purchase",Check local supplier,India,Indicative demo/reference price,Synthetic catalog row for prototype,2026-09-16
MAT0444,Adhesives & Grouts,Cement Grout,Weber,Weber Cement Grout Standard,https://images.unsplash.com/photo-1503387762-592deb58ef4e?auto=format&fit=crop&w=900&q=80,https://www.in.weber/,Epoxy,Standard,Standard,,Multiple,Kg,20 kg,671.97,604.77,772.77,Verify current GST,3,4,"Tile, stone and construction bonding",Suitable for standard construction applications,"Verify grade, compatibility and supplier quality before purchase",Check local supplier,India,Indicative demo/reference price,Synthetic catalog row for prototype,2026-09-16
MAT0445,Adhesives & Grouts,Construction Adhesive,Pidilite,Pidilite Construction Adhesive Standard,https://images.unsplash.com/photo-1503387762-592deb58ef4e?auto=format&fit=crop&w=900&q=80,https://www.pidilite.com/,C1,Standard,Standard,,Brown,Kg,1 kg,1462.06,1315.85,1681.37,Verify current GST,5,4,"Tile, stone and construction bonding",Suitable for standard construction applications,"Verify grade, compatibility and supplier quality before purchase",Check local supplier,India,Indicative demo/reference price,Synthetic catalog row for prototype,2026-09-16
MAT0446,Adhesives & Grouts,Tile Adhesive,Roff,Roff Tile Adhesive Standard,https://images.unsplash.com/photo-1503387762-592deb58ef4e?auto=format&fit=crop&w=900&q=80,https://www.roff.in/,C2,Standard,Standard,,Beige,Kg,5 kg,1830.96,1647.86,2105.6,Verify current GST,4,4,"Tile, stone and construction bonding",Suitable for standard construction applications,"Verify grade, compatibility and supplier quality before purchase",Check local supplier,India,Indicative demo/reference price,Synthetic catalog row for prototype,2026-09-16
MAT0447,Adhesives & Grouts,Stone Adhesive,MYK Laticrete,MYK Laticrete Stone Adhesive Standard,https://images.unsplash.com/photo-1503387762-592deb58ef4e?auto=format&fit=crop&w=900&q=80,https://www.myklaticrete.com/,Polymer Modified,Standard,Standard,,Grey,Kg,20 kg,289.29,260.36,332.68,Verify current GST,4,4,"Tile, stone and construction bonding",Suitable for standard construction applications,"Verify grade, compatibility and supplier quality before purchase",Check local supplier,India,Indicative demo/reference price,Synthetic catalog row for prototype,2026-09-16
MAT0448,Adhesives & Grouts,Epoxy Grout,Weber,Weber Epoxy Grout Standard,https://images.unsplash.com/photo-1503387762-592deb58ef4e?auto=format&fit=crop&w=900&q=80,https://www.in.weber/,Epoxy,Standard,Standard,,Grey,Kg,1 kg,1491.79,1342.61,1715.56,Verify current GST,4,4,"Tile, stone and construction bonding",Suitable for standard construction applications,"Verify grade, compatibility and supplier quality before purchase",Check local supplier,India,Indicative demo/reference price,Synthetic catalog row for prototype,2026-09-16
MAT0449,Adhesives & Grouts,Cement Grout,Pidilite,Pidilite Cement Grout Standard,https://images.unsplash.com/photo-1503387762-592deb58ef4e?auto=format&fit=crop&w=900&q=80,https://www.pidilite.com/,C1,Standard,Standard,,White,Kg,5 kg,269.92,242.93,310.41,Verify current GST,4,5,"Tile, stone and construction bonding",Suitable for standard construction applications,"Verify grade, compatibility and supplier quality before purchase",Check local supplier,India,Indicative demo/reference price,Synthetic catalog row for prototype,2026-09-16
MAT0450,Adhesives & Grouts,Construction Adhesive,Roff,Roff Construction Adhesive Standard,https://images.unsplash.com/photo-1503387762-592deb58ef4e?auto=format&fit=crop&w=900&q=80,https://www.roff.in/,C2,Standard,Standard,,Beige,Kg,20 kg,1516.16,1364.54,1743.58,Verify current GST,4,3,"Tile, stone and construction bonding",Suitable for standard construction applications,"Verify grade, compatibility and supplier quality before purchase",Check local supplier,India,Indicative demo/reference price,Synthetic catalog row for prototype,2026-09-16
MAT0451,Doors & Windows,uPVC Window,Fenesta,Fenesta uPVC Window 2x3 ft,https://images.unsplash.com/photo-1600607687939-ce8a6c25118c?auto=format&fit=crop&w=900&q=80,https://www.fenesta.com/,5 mm Glass,Standard,2x3 ft,,Brown,Sq Ft,1 sq ft,6283.61,5655.25,7226.15,Verify current GST,5,5,Openings and building envelope,Suitable for standard construction applications,"Verify grade, compatibility and supplier quality before purchase",Check local supplier,India,Indicative demo/reference price,Synthetic catalog row for prototype,2026-09-16
MAT0452,Doors & Windows,Aluminium Window,AIS Windows,AIS Windows Aluminium Window 3x4 ft,https://images.unsplash.com/photo-1600607687939-ce8a6c25118c?auto=format&fit=crop&w=900&q=80,https://www.aiswindows.com/,6 mm Glass,Standard,3x4 ft,,Black,Piece,1 piece,11518.67,10366.8,13246.47,Verify current GST,4,4,Openings and building envelope,Suitable for standard construction applications,"Verify grade, compatibility and supplier quality before purchase",Check local supplier,India,Indicative demo/reference price,Synthetic catalog row for prototype,2026-09-16
MAT0453,Doors & Windows,Flush Door,Fenestration,Fenestration Flush Door 4x7 ft,https://images.unsplash.com/photo-1600607687939-ce8a6c25118c?auto=format&fit=crop&w=900&q=80,,30 mm Door,Standard,4x7 ft,,Grey,Sq Ft,1 sq ft,9868.47,8881.62,11348.74,Verify current GST,3,4,Openings and building envelope,Suitable for standard construction applications,"Verify grade, compatibility and supplier quality before purchase",Check local supplier,India,Indicative demo/reference price,Synthetic catalog row for prototype,2026-09-16
MAT0454,Doors & Windows,uPVC Door,Generic,Generic uPVC Door 5x7 ft,https://images.unsplash.com/photo-1600607687939-ce8a6c25118c?auto=format&fit=crop&w=900&q=80,,35 mm Door,Standard,5x7 ft,,Beige,Piece,1 piece,13878.45,12490.61,15960.22,Verify current GST,4,5,Openings and building envelope,Suitable for standard construction applications,"Verify grade, compatibility and supplier quality before purchase",Check local supplier,India,Indicative demo/reference price,Synthetic catalog row for prototype,2026-09-16
MAT0455,Doors & Windows,Sliding Window,Fenesta,Fenesta Sliding Window 6x7 ft,https://images.unsplash.com/photo-1600607687939-ce8a6c25118c?auto=format&fit=crop&w=900&q=80,https://www.fenesta.com/,5 mm Glass,Standard,6x7 ft,,Multiple,Sq Ft,1 sq ft,14188.84,12769.96,16317.17,Verify current GST,3,5,Openings and building envelope,Suitable for standard construction applications,"Verify grade, compatibility and supplier quality before purchase",Check local supplier,India,Indicative demo/reference price,Synthetic catalog row for prototype,2026-09-16
MAT0456,Doors & Windows,uPVC Window,AIS Windows,AIS Windows uPVC Window 2x3 ft,https://images.unsplash.com/photo-1600607687939-ce8a6c25118c?auto=format&fit=crop&w=900&q=80,https://www.aiswindows.com/,6 mm Glass,Standard,2x3 ft,,Grey,Piece,1 piece,2974.67,2677.2,3420.87,Verify current GST,4,3,Openings and building envelope,Suitable for standard construction applications,"Verify grade, compatibility and supplier quality before purchase",Check local supplier,India,Indicative demo/reference price,Synthetic catalog row for prototype,2026-09-16
MAT0457,Doors & Windows,Aluminium Window,Fenestration,Fenestration Aluminium Window 3x4 ft,https://images.unsplash.com/photo-1600607687939-ce8a6c25118c?auto=format&fit=crop&w=900&q=80,,30 mm Door,Standard,3x4 ft,,Black,Sq Ft,1 sq ft,4655.88,4190.29,5354.26,Verify current GST,3,4,Openings and building envelope,Suitable for standard construction applications,"Verify grade, compatibility and supplier quality before purchase",Check local supplier,India,Indicative demo/reference price,Synthetic catalog row for prototype,2026-09-16
MAT0458,Doors & Windows,Flush Door,Generic,Generic Flush Door 4x7 ft,https://images.unsplash.com/photo-1600607687939-ce8a6c25118c?auto=format&fit=crop&w=900&q=80,,35 mm Door,Standard,4x7 ft,,Multiple,Piece,1 piece,6995.24,6295.72,8044.53,Verify current GST,5,4,Openings and building envelope,Suitable for standard construction applications,"Verify grade, compatibility and supplier quality before purchase",Check local supplier,India,Indicative demo/reference price,Synthetic catalog row for prototype,2026-09-16
MAT0459,Doors & Windows,uPVC Door,Fenesta,Fenesta uPVC Door 5x7 ft,https://images.unsplash.com/photo-1600607687939-ce8a6c25118c?auto=format&fit=crop&w=900&q=80,https://www.fenesta.com/,5 mm Glass,Standard,5x7 ft,,Beige,Sq Ft,1 sq ft,4272.56,3845.3,4913.44,Verify current GST,3,4,Openings and building envelope,Suitable for standard construction applications,"Verify grade, compatibility and supplier quality before purchase",Check local supplier,India,Indicative demo/reference price,Synthetic catalog row for prototype,2026-09-16
MAT0460,Doors & Windows,Sliding Window,AIS Windows,AIS Windows Sliding Window 6x7 ft,https://images.unsplash.com/photo-1600607687939-ce8a6c25118c?auto=format&fit=crop&w=900&q=80,https://www.aiswindows.com/,6 mm Glass,Standard,6x7 ft,,Grey,Piece,1 piece,11146.79,10032.11,12818.81,Verify current GST,4,4,Openings and building envelope,Suitable for standard construction applications,"Verify grade, compatibility and supplier quality before purchase",Check local supplier,India,Indicative demo/reference price,Synthetic catalog row for prototype,2026-09-16
MAT0461,Doors & Windows,uPVC Window,Fenestration,Fenestration uPVC Window 2x3 ft,https://images.unsplash.com/photo-1600607687939-ce8a6c25118c?auto=format&fit=crop&w=900&q=80,,30 mm Door,Standard,2x3 ft,,Beige,Sq Ft,1 sq ft,11229.27,10106.34,12913.66,Verify current GST,4,4,Openings and building envelope,Suitable for standard construction applications,"Verify grade, compatibility and supplier quality before purchase",Check local supplier,India,Indicative demo/reference price,Synthetic catalog row for prototype,2026-09-16
MAT0462,Doors & Windows,Aluminium Window,Generic,Generic Aluminium Window 3x4 ft,https://images.unsplash.com/photo-1600607687939-ce8a6c25118c?auto=format&fit=crop&w=900&q=80,,35 mm Door,Standard,3x4 ft,,Natural,Piece,1 piece,9344.32,8409.89,10745.97,Verify current GST,5,5,Openings and building envelope,Suitable for standard construction applications,"Verify grade, compatibility and supplier quality before purchase",Check local supplier,India,Indicative demo/reference price,Synthetic catalog row for prototype,2026-09-16
MAT0463,Doors & Windows,Flush Door,Fenesta,Fenesta Flush Door 4x7 ft,https://images.unsplash.com/photo-1600607687939-ce8a6c25118c?auto=format&fit=crop&w=900&q=80,https://www.fenesta.com/,5 mm Glass,Standard,4x7 ft,,Beige,Sq Ft,1 sq ft,1481.07,1332.96,1703.23,Verify current GST,3,4,Openings and building envelope,Suitable for standard construction applications,"Verify grade, compatibility and supplier quality before purchase",Check local supplier,India,Indicative demo/reference price,Synthetic catalog row for prototype,2026-09-16
MAT0464,Doors & Windows,uPVC Door,AIS Windows,AIS Windows uPVC Door 5x7 ft,https://images.unsplash.com/photo-1600607687939-ce8a6c25118c?auto=format&fit=crop&w=900&q=80,https://www.aiswindows.com/,6 mm Glass,Standard,5x7 ft,,Black,Piece,1 piece,7341.81,6607.63,8443.08,Verify current GST,4,3,Openings and building envelope,Suitable for standard construction applications,"Verify grade, compatibility and supplier quality before purchase",Check local supplier,India,Indicative demo/reference price,Synthetic catalog row for prototype,2026-09-16
MAT0465,Doors & Windows,Sliding Window,Fenestration,Fenestration Sliding Window 6x7 ft,https://images.unsplash.com/photo-1600607687939-ce8a6c25118c?auto=format&fit=crop&w=900&q=80,,30 mm Door,Standard,6x7 ft,,Natural,Sq Ft,1 sq ft,5933.62,5340.26,6823.66,Verify current GST,5,4,Openings and building envelope,Suitable for standard construction applications,"Verify grade, compatibility and supplier quality before purchase",Check local supplier,India,Indicative demo/reference price,Synthetic catalog row for prototype,2026-09-16
MAT0466,Doors & Windows,uPVC Window,Generic,Generic uPVC Window 2x3 ft,https://images.unsplash.com/photo-1600607687939-ce8a6c25118c?auto=format&fit=crop&w=900&q=80,,35 mm Door,Standard,2x3 ft,,Natural,Piece,1 piece,4709.19,4238.27,5415.57,Verify current GST,3,4,Openings and building envelope,Suitable for standard construction applications,"Verify grade, compatibility and supplier quality before purchase",Check local supplier,India,Indicative demo/reference price,Synthetic catalog row for prototype,2026-09-16
MAT0467,Doors & Windows,Aluminium Window,Fenesta,Fenesta Aluminium Window 3x4 ft,https://images.unsplash.com/photo-1600607687939-ce8a6c25118c?auto=format&fit=crop&w=900&q=80,https://www.fenesta.com/,5 mm Glass,Standard,3x4 ft,,Multiple,Sq Ft,1 sq ft,10571.53,9514.38,12157.26,Verify current GST,3,3,Openings and building envelope,Suitable for standard construction applications,"Verify grade, compatibility and supplier quality before purchase",Check local supplier,India,Indicative demo/reference price,Synthetic catalog row for prototype,2026-09-16
MAT0468,Doors & Windows,Flush Door,AIS Windows,AIS Windows Flush Door 4x7 ft,https://images.unsplash.com/photo-1600607687939-ce8a6c25118c?auto=format&fit=crop&w=900&q=80,https://www.aiswindows.com/,6 mm Glass,Standard,4x7 ft,,White,Piece,1 piece,4782.1,4303.89,5499.41,Verify current GST,5,4,Openings and building envelope,Suitable for standard construction applications,"Verify grade, compatibility and supplier quality before purchase",Check local supplier,India,Indicative demo/reference price,Synthetic catalog row for prototype,2026-09-16
MAT0469,Doors & Windows,uPVC Door,Fenestration,Fenestration uPVC Door 5x7 ft,https://images.unsplash.com/photo-1600607687939-ce8a6c25118c?auto=format&fit=crop&w=900&q=80,,30 mm Door,Standard,5x7 ft,,Brown,Sq Ft,1 sq ft,9760.67,8784.6,11224.77,Verify current GST,4,4,Openings and building envelope,Suitable for standard construction applications,"Verify grade, compatibility and supplier quality before purchase",Check local supplier,India,Indicative demo/reference price,Synthetic catalog row for prototype,2026-09-16
MAT0470,Doors & Windows,Sliding Window,Generic,Generic Sliding Window 6x7 ft,https://images.unsplash.com/photo-1600607687939-ce8a6c25118c?auto=format&fit=crop&w=900&q=80,,35 mm Door,Standard,6x7 ft,,Beige,Piece,1 piece,3466.93,3120.24,3986.97,Verify current GST,4,5,Openings and building envelope,Suitable for standard construction applications,"Verify grade, compatibility and supplier quality before purchase",Check local supplier,India,Indicative demo/reference price,Synthetic catalog row for prototype,2026-09-16
MAT0471,Doors & Windows,uPVC Window,Fenesta,Fenesta uPVC Window 2x3 ft,https://images.unsplash.com/photo-1600607687939-ce8a6c25118c?auto=format&fit=crop&w=900&q=80,https://www.fenesta.com/,5 mm Glass,Standard,2x3 ft,,Multiple,Sq Ft,1 sq ft,7004.68,6304.21,8055.38,Verify current GST,4,5,Openings and building envelope,Suitable for standard construction applications,"Verify grade, compatibility and supplier quality before purchase",Check local supplier,India,Indicative demo/reference price,Synthetic catalog row for prototype,2026-09-16
MAT0472,Doors & Windows,Aluminium Window,AIS Windows,AIS Windows Aluminium Window 3x4 ft,https://images.unsplash.com/photo-1600607687939-ce8a6c25118c?auto=format&fit=crop&w=900&q=80,https://www.aiswindows.com/,6 mm Glass,Standard,3x4 ft,,White,Piece,1 piece,11540.26,10386.23,13271.3,Verify current GST,4,4,Openings and building envelope,Suitable for standard construction applications,"Verify grade, compatibility and supplier quality before purchase",Check local supplier,India,Indicative demo/reference price,Synthetic catalog row for prototype,2026-09-16
MAT0473,Doors & Windows,Flush Door,Fenestration,Fenestration Flush Door 4x7 ft,https://images.unsplash.com/photo-1600607687939-ce8a6c25118c?auto=format&fit=crop&w=900&q=80,,30 mm Door,Standard,4x7 ft,,White,Sq Ft,1 sq ft,8062.6,7256.34,9271.99,Verify current GST,4,3,Openings and building envelope,Suitable for standard construction applications,"Verify grade, compatibility and supplier quality before purchase",Check local supplier,India,Indicative demo/reference price,Synthetic catalog row for prototype,2026-09-16
MAT0474,Doors & Windows,uPVC Door,Generic,Generic uPVC Door 5x7 ft,https://images.unsplash.com/photo-1600607687939-ce8a6c25118c?auto=format&fit=crop&w=900&q=80,,35 mm Door,Standard,5x7 ft,,Beige,Piece,1 piece,1106.37,995.73,1272.33,Verify current GST,4,4,Openings and building envelope,Suitable for standard construction applications,"Verify grade, compatibility and supplier quality before purchase",Check local supplier,India,Indicative demo/reference price,Synthetic catalog row for prototype,2026-09-16
MAT0475,Doors & Windows,Sliding Window,Fenesta,Fenesta Sliding Window 6x7 ft,https://images.unsplash.com/photo-1600607687939-ce8a6c25118c?auto=format&fit=crop&w=900&q=80,https://www.fenesta.com/,5 mm Glass,Standard,6x7 ft,,Brown,Sq Ft,1 sq ft,5101.76,4591.58,5867.02,Verify current GST,5,3,Openings and building envelope,Suitable for standard construction applications,"Verify grade, compatibility and supplier quality before purchase",Check local supplier,India,Indicative demo/reference price,Synthetic catalog row for prototype,2026-09-16
MAT0476,Doors & Windows,uPVC Window,AIS Windows,AIS Windows uPVC Window 2x3 ft,https://images.unsplash.com/photo-1600607687939-ce8a6c25118c?auto=format&fit=crop&w=900&q=80,https://www.aiswindows.com/,6 mm Glass,Standard,2x3 ft,,Multiple,Piece,1 piece,10933.77,9840.39,12573.84,Verify current GST,5,3,Openings and building envelope,Suitable for standard construction applications,"Verify grade, compatibility and supplier quality before purchase",Check local supplier,India,Indicative demo/reference price,Synthetic catalog row for prototype,2026-09-16
MAT0477,Doors & Windows,Aluminium Window,Fenestration,Fenestration Aluminium Window 3x4 ft,https://images.unsplash.com/photo-1600607687939-ce8a6c25118c?auto=format&fit=crop&w=900&q=80,,30 mm Door,Standard,3x4 ft,,Silver,Sq Ft,1 sq ft,12310.38,11079.34,14156.94,Verify current GST,5,4,Openings and building envelope,Suitable for standard construction applications,"Verify grade, compatibility and supplier quality before purchase",Check local supplier,India,Indicative demo/reference price,Synthetic catalog row for prototype,2026-09-16
MAT0478,Doors & Windows,Flush Door,Generic,Generic Flush Door 4x7 ft,https://images.unsplash.com/photo-1600607687939-ce8a6c25118c?auto=format&fit=crop&w=900&q=80,,35 mm Door,Standard,4x7 ft,,Black,Piece,1 piece,7031.98,6328.78,8086.78,Verify current GST,3,5,Openings and building envelope,Suitable for standard construction applications,"Verify grade, compatibility and supplier quality before purchase",Check local supplier,India,Indicative demo/reference price,Synthetic catalog row for prototype,2026-09-16
MAT0479,Doors & Windows,uPVC Door,Fenesta,Fenesta uPVC Door 5x7 ft,https://images.unsplash.com/photo-1600607687939-ce8a6c25118c?auto=format&fit=crop&w=900&q=80,https://www.fenesta.com/,5 mm Glass,Standard,5x7 ft,,Grey,Sq Ft,1 sq ft,11029.2,9926.28,12683.58,Verify current GST,5,4,Openings and building envelope,Suitable for standard construction applications,"Verify grade, compatibility and supplier quality before purchase",Check local supplier,India,Indicative demo/reference price,Synthetic catalog row for prototype,2026-09-16
MAT0480,Doors & Windows,Sliding Window,AIS Windows,AIS Windows Sliding Window 6x7 ft,https://images.unsplash.com/photo-1600607687939-ce8a6c25118c?auto=format&fit=crop&w=900&q=80,https://www.aiswindows.com/,6 mm Glass,Standard,6x7 ft,,Silver,Piece,1 piece,11367.07,10230.36,13072.13,Verify current GST,3,3,Openings and building envelope,Suitable for standard construction applications,"Verify grade, compatibility and supplier quality before purchase",Check local supplier,India,Indicative demo/reference price,Synthetic catalog row for prototype,2026-09-16
MAT0481,Glass,Clear Glass,AIS,AIS Clear Glass 5 mm,https://images.unsplash.com/photo-1600566753190-17f0baa2a6c3?auto=format&fit=crop&w=900&q=80,https://www.aisglass.com/,5 mm,Standard,5 mm,5 mm,White,Sq Ft,1 sq ft,282.94,254.65,325.38,Verify current GST,3,3,"Windows, partitions and façades",Suitable for standard construction applications,"Verify grade, compatibility and supplier quality before purchase",Check local supplier,India,Indicative demo/reference price,Synthetic catalog row for prototype,2026-09-16
MAT0482,Glass,Toughened Glass,Saint-Gobain,Saint-Gobain Toughened Glass 6 mm,https://images.unsplash.com/photo-1600566753190-17f0baa2a6c3?auto=format&fit=crop&w=900&q=80,https://www.saint-gobain.co.in/,6 mm,Standard,6 mm,6 mm,Black,Sq Ft,1 sq ft,642.24,578.02,738.58,Verify current GST,5,3,"Windows, partitions and façades",Suitable for standard construction applications,"Verify grade, compatibility and supplier quality before purchase",Check local supplier,India,Indicative demo/reference price,Synthetic catalog row for prototype,2026-09-16
MAT0483,Glass,Laminated Glass,Guardian Glass,Guardian Glass Laminated Glass 8 mm,https://images.unsplash.com/photo-1600566753190-17f0baa2a6c3?auto=format&fit=crop&w=900&q=80,https://www.guardianglass.com/,8 mm,Standard,8 mm,8 mm,Natural,Sq Ft,1 sq ft,318.97,287.07,366.82,Verify current GST,4,5,"Windows, partitions and façades",Suitable for standard construction applications,"Verify grade, compatibility and supplier quality before purchase",Check local supplier,India,Indicative demo/reference price,Synthetic catalog row for prototype,2026-09-16
MAT0484,Glass,Tinted Glass,AIS,AIS Tinted Glass 10 mm,https://images.unsplash.com/photo-1600566753190-17f0baa2a6c3?auto=format&fit=crop&w=900&q=80,https://www.aisglass.com/,10 mm,Standard,10 mm,10 mm,Silver,Sq Ft,1 sq ft,646.0,581.4,742.9,Verify current GST,5,5,"Windows, partitions and façades",Suitable for standard construction applications,"Verify grade, compatibility and supplier quality before purchase",Check local supplier,India,Indicative demo/reference price,Synthetic catalog row for prototype,2026-09-16
MAT0485,Glass,Low-E Glass,Saint-Gobain,Saint-Gobain Low-E Glass 12 mm,https://images.unsplash.com/photo-1600566753190-17f0baa2a6c3?auto=format&fit=crop&w=900&q=80,https://www.saint-gobain.co.in/,12 mm,Standard,12 mm,12 mm,White,Sq Ft,1 sq ft,300.36,270.32,345.41,Verify current GST,4,4,"Windows, partitions and façades",Suitable for standard construction applications,"Verify grade, compatibility and supplier quality before purchase",Check local supplier,India,Indicative demo/reference price,Synthetic catalog row for prototype,2026-09-16
MAT0486,Glass,Clear Glass,Guardian Glass,Guardian Glass Clear Glass 5 mm,https://images.unsplash.com/photo-1600566753190-17f0baa2a6c3?auto=format&fit=crop&w=900&q=80,https://www.guardianglass.com/,5 mm,Standard,5 mm,5 mm,Brown,Sq Ft,1 sq ft,189.95,170.95,218.44,Verify current GST,5,4,"Windows, partitions and façades",Suitable for standard construction applications,"Verify grade, compatibility and supplier quality before purchase",Check local supplier,India,Indicative demo/reference price,Synthetic catalog row for prototype,2026-09-16
MAT0487,Glass,Toughened Glass,AIS,AIS Toughened Glass 6 mm,https://images.unsplash.com/photo-1600566753190-17f0baa2a6c3?auto=format&fit=crop&w=900&q=80,https://www.aisglass.com/,6 mm,Standard,6 mm,6 mm,Multiple,Sq Ft,1 sq ft,557.5,501.75,641.12,Verify current GST,3,4,"Windows, partitions and façades",Suitable for standard construction applications,"Verify grade, compatibility and supplier quality before purchase",Check local supplier,India,Indicative demo/reference price,Synthetic catalog row for prototype,2026-09-16
MAT0488,Glass,Laminated Glass,Saint-Gobain,Saint-Gobain Laminated Glass 8 mm,https://images.unsplash.com/photo-1600566753190-17f0baa2a6c3?auto=format&fit=crop&w=900&q=80,https://www.saint-gobain.co.in/,8 mm,Standard,8 mm,8 mm,Brown,Sq Ft,1 sq ft,467.16,420.44,537.23,Verify current GST,5,5,"Windows, partitions and façades",Suitable for standard construction applications,"Verify grade, compatibility and supplier quality before purchase",Check local supplier,India,Indicative demo/reference price,Synthetic catalog row for prototype,2026-09-16
MAT0489,Glass,Tinted Glass,Guardian Glass,Guardian Glass Tinted Glass 10 mm,https://images.unsplash.com/photo-1600566753190-17f0baa2a6c3?auto=format&fit=crop&w=900&q=80,https://www.guardianglass.com/,10 mm,Standard,10 mm,10 mm,Black,Sq Ft,1 sq ft,228.61,205.75,262.9,Verify current GST,4,4,"Windows, partitions and façades",Suitable for standard construction applications,"Verify grade, compatibility and supplier quality before purchase",Check local supplier,India,Indicative demo/reference price,Synthetic catalog row for prototype,2026-09-16
MAT0490,Glass,Low-E Glass,AIS,AIS Low-E Glass 12 mm,https://images.unsplash.com/photo-1600566753190-17f0baa2a6c3?auto=format&fit=crop&w=900&q=80,https://www.aisglass.com/,12 mm,Standard,12 mm,12 mm,Silver,Sq Ft,1 sq ft,195.55,176.0,224.88,Verify current GST,3,3,"Windows, partitions and façades",Suitable for standard construction applications,"Verify grade, compatibility and supplier quality before purchase",Check local supplier,India,Indicative demo/reference price,Synthetic catalog row for prototype,2026-09-16
MAT0491,Glass,Clear Glass,Saint-Gobain,Saint-Gobain Clear Glass 5 mm,https://images.unsplash.com/photo-1600566753190-17f0baa2a6c3?auto=format&fit=crop&w=900&q=80,https://www.saint-gobain.co.in/,5 mm,Standard,5 mm,5 mm,Brown,Sq Ft,1 sq ft,434.36,390.92,499.51,Verify current GST,3,4,"Windows, partitions and façades",Suitable for standard construction applications,"Verify grade, compatibility and supplier quality before purchase",Check local supplier,India,Indicative demo/reference price,Synthetic catalog row for prototype,2026-09-16
MAT0492,Glass,Toughened Glass,Guardian Glass,Guardian Glass Toughened Glass 6 mm,https://images.unsplash.com/photo-1600566753190-17f0baa2a6c3?auto=format&fit=crop&w=900&q=80,https://www.guardianglass.com/,6 mm,Standard,6 mm,6 mm,Grey,Sq Ft,1 sq ft,127.68,114.91,146.83,Verify current GST,3,5,"Windows, partitions and façades",Suitable for standard construction applications,"Verify grade, compatibility and supplier quality before purchase",Check local supplier,India,Indicative demo/reference price,Synthetic catalog row for prototype,2026-09-16
MAT0493,Glass,Laminated Glass,AIS,AIS Laminated Glass 8 mm,https://images.unsplash.com/photo-1600566753190-17f0baa2a6c3?auto=format&fit=crop&w=900&q=80,https://www.aisglass.com/,8 mm,Standard,8 mm,8 mm,Multiple,Sq Ft,1 sq ft,227.05,204.35,261.11,Verify current GST,3,5,"Windows, partitions and façades",Suitable for standard construction applications,"Verify grade, compatibility and supplier quality before purchase",Check local supplier,India,Indicative demo/reference price,Synthetic catalog row for prototype,2026-09-16
MAT0494,Glass,Tinted Glass,Saint-Gobain,Saint-Gobain Tinted Glass 10 mm,https://images.unsplash.com/photo-1600566753190-17f0baa2a6c3?auto=format&fit=crop&w=900&q=80,https://www.saint-gobain.co.in/,10 mm,Standard,10 mm,10 mm,Beige,Sq Ft,1 sq ft,221.23,199.11,254.41,Verify current GST,4,3,"Windows, partitions and façades",Suitable for standard construction applications,"Verify grade, compatibility and supplier quality before purchase",Check local supplier,India,Indicative demo/reference price,Synthetic catalog row for prototype,2026-09-16
MAT0495,Glass,Low-E Glass,Guardian Glass,Guardian Glass Low-E Glass 12 mm,https://images.unsplash.com/photo-1600566753190-17f0baa2a6c3?auto=format&fit=crop&w=900&q=80,https://www.guardianglass.com/,12 mm,Standard,12 mm,12 mm,Natural,Sq Ft,1 sq ft,372.18,334.96,428.01,Verify current GST,4,4,"Windows, partitions and façades",Suitable for standard construction applications,"Verify grade, compatibility and supplier quality before purchase",Check local supplier,India,Indicative demo/reference price,Synthetic catalog row for prototype,2026-09-16
MAT0496,Glass,Clear Glass,AIS,AIS Clear Glass 5 mm,https://images.unsplash.com/photo-1600566753190-17f0baa2a6c3?auto=format&fit=crop&w=900&q=80,https://www.aisglass.com/,5 mm,Standard,5 mm,5 mm,Black,Sq Ft,1 sq ft,413.39,372.05,475.4,Verify current GST,4,4,"Windows, partitions and façades",Suitable for standard construction applications,"Verify grade, compatibility and supplier quality before purchase",Check local supplier,India,Indicative demo/reference price,Synthetic catalog row for prototype,2026-09-16
MAT0497,Glass,Toughened Glass,Saint-Gobain,Saint-Gobain Toughened Glass 6 mm,https://images.unsplash.com/photo-1600566753190-17f0baa2a6c3?auto=format&fit=crop&w=900&q=80,https://www.saint-gobain.co.in/,6 mm,Standard,6 mm,6 mm,Black,Sq Ft,1 sq ft,580.7,522.63,667.8,Verify current GST,4,5,"Windows, partitions and façades",Suitable for standard construction applications,"Verify grade, compatibility and supplier quality before purchase",Check local supplier,India,Indicative demo/reference price,Synthetic catalog row for prototype,2026-09-16
MAT0498,Glass,Laminated Glass,Guardian Glass,Guardian Glass Laminated Glass 8 mm,https://images.unsplash.com/photo-1600566753190-17f0baa2a6c3?auto=format&fit=crop&w=900&q=80,https://www.guardianglass.com/,8 mm,Standard,8 mm,8 mm,Multiple,Sq Ft,1 sq ft,244.09,219.68,280.7,Verify current GST,4,5,"Windows, partitions and façades",Suitable for standard construction applications,"Verify grade, compatibility and supplier quality before purchase",Check local supplier,India,Indicative demo/reference price,Synthetic catalog row for prototype,2026-09-16
MAT0499,Glass,Tinted Glass,AIS,AIS Tinted Glass 10 mm,https://images.unsplash.com/photo-1600566753190-17f0baa2a6c3?auto=format&fit=crop&w=900&q=80,https://www.aisglass.com/,10 mm,Standard,10 mm,10 mm,Natural,Sq Ft,1 sq ft,116.26,104.63,133.7,Verify current GST,4,5,"Windows, partitions and façades",Suitable for standard construction applications,"Verify grade, compatibility and supplier quality before purchase",Check local supplier,India,Indicative demo/reference price,Synthetic catalog row for prototype,2026-09-16
MAT0500,Glass,Low-E Glass,Saint-Gobain,Saint-Gobain Low-E Glass 12 mm,https://images.unsplash.com/photo-1600566753190-17f0baa2a6c3?auto=format&fit=crop&w=900&q=80,https://www.saint-gobain.co.in/,12 mm,Standard,12 mm,12 mm,Black,Sq Ft,1 sq ft,479.93,431.94,551.92,Verify current GST,5,4,"Windows, partitions and façades",Suitable for standard construction applications,"Verify grade, compatibility and supplier quality before purchase",Check local supplier,India,Indicative demo/reference price,Synthetic catalog row for prototype,2026-09-16
MAT0501,Glass,Clear Glass,Guardian Glass,Guardian Glass Clear Glass 5 mm,https://images.unsplash.com/photo-1600566753190-17f0baa2a6c3?auto=format&fit=crop&w=900&q=80,https://www.guardianglass.com/,5 mm,Standard,5 mm,5 mm,Brown,Sq Ft,1 sq ft,300.82,270.74,345.94,Verify current GST,5,4,"Windows, partitions and façades",Suitable for standard construction applications,"Verify grade, compatibility and supplier quality before purchase",Check local supplier,India,Indicative demo/reference price,Synthetic catalog row for prototype,2026-09-16
MAT0502,Glass,Toughened Glass,AIS,AIS Toughened Glass 6 mm,https://images.unsplash.com/photo-1600566753190-17f0baa2a6c3?auto=format&fit=crop&w=900&q=80,https://www.aisglass.com/,6 mm,Standard,6 mm,6 mm,Grey,Sq Ft,1 sq ft,258.41,232.57,297.17,Verify current GST,4,5,"Windows, partitions and façades",Suitable for standard construction applications,"Verify grade, compatibility and supplier quality before purchase",Check local supplier,India,Indicative demo/reference price,Synthetic catalog row for prototype,2026-09-16
MAT0503,Glass,Laminated Glass,Saint-Gobain,Saint-Gobain Laminated Glass 8 mm,https://images.unsplash.com/photo-1600566753190-17f0baa2a6c3?auto=format&fit=crop&w=900&q=80,https://www.saint-gobain.co.in/,8 mm,Standard,8 mm,8 mm,Silver,Sq Ft,1 sq ft,404.94,364.45,465.68,Verify current GST,5,4,"Windows, partitions and façades",Suitable for standard construction applications,"Verify grade, compatibility and supplier quality before purchase",Check local supplier,India,Indicative demo/reference price,Synthetic catalog row for prototype,2026-09-16
MAT0504,Glass,Tinted Glass,Guardian Glass,Guardian Glass Tinted Glass 10 mm,https://images.unsplash.com/photo-1600566753190-17f0baa2a6c3?auto=format&fit=crop&w=900&q=80,https://www.guardianglass.com/,10 mm,Standard,10 mm,10 mm,White,Sq Ft,1 sq ft,226.0,203.4,259.9,Verify current GST,4,4,"Windows, partitions and façades",Suitable for standard construction applications,"Verify grade, compatibility and supplier quality before purchase",Check local supplier,India,Indicative demo/reference price,Synthetic catalog row for prototype,2026-09-16
MAT0505,Glass,Low-E Glass,AIS,AIS Low-E Glass 12 mm,https://images.unsplash.com/photo-1600566753190-17f0baa2a6c3?auto=format&fit=crop&w=900&q=80,https://www.aisglass.com/,12 mm,Standard,12 mm,12 mm,Brown,Sq Ft,1 sq ft,606.45,545.81,697.42,Verify current GST,4,3,"Windows, partitions and façades",Suitable for standard construction applications,"Verify grade, compatibility and supplier quality before purchase",Check local supplier,India,Indicative demo/reference price,Synthetic catalog row for prototype,2026-09-16
MAT0506,Glass,Clear Glass,Saint-Gobain,Saint-Gobain Clear Glass 5 mm,https://images.unsplash.com/photo-1600566753190-17f0baa2a6c3?auto=format&fit=crop&w=900&q=80,https://www.saint-gobain.co.in/,5 mm,Standard,5 mm,5 mm,White,Sq Ft,1 sq ft,118.86,106.97,136.69,Verify current GST,5,3,"Windows, partitions and façades",Suitable for standard construction applications,"Verify grade, compatibility and supplier quality before purchase",Check local supplier,India,Indicative demo/reference price,Synthetic catalog row for prototype,2026-09-16
MAT0507,Glass,Toughened Glass,Guardian Glass,Guardian Glass Toughened Glass 6 mm,https://images.unsplash.com/photo-1600566753190-17f0baa2a6c3?auto=format&fit=crop&w=900&q=80,https://www.guardianglass.com/,6 mm,Standard,6 mm,6 mm,Brown,Sq Ft,1 sq ft,195.37,175.83,224.68,Verify current GST,4,5,"Windows, partitions and façades",Suitable for standard construction applications,"Verify grade, compatibility and supplier quality before purchase",Check local supplier,India,Indicative demo/reference price,Synthetic catalog row for prototype,2026-09-16
MAT0508,Glass,Laminated Glass,AIS,AIS Laminated Glass 8 mm,https://images.unsplash.com/photo-1600566753190-17f0baa2a6c3?auto=format&fit=crop&w=900&q=80,https://www.aisglass.com/,8 mm,Standard,8 mm,8 mm,Grey,Sq Ft,1 sq ft,576.91,519.22,663.45,Verify current GST,4,4,"Windows, partitions and façades",Suitable for standard construction applications,"Verify grade, compatibility and supplier quality before purchase",Check local supplier,India,Indicative demo/reference price,Synthetic catalog row for prototype,2026-09-16
MAT0509,Glass,Tinted Glass,Saint-Gobain,Saint-Gobain Tinted Glass 10 mm,https://images.unsplash.com/photo-1600566753190-17f0baa2a6c3?auto=format&fit=crop&w=900&q=80,https://www.saint-gobain.co.in/,10 mm,Standard,10 mm,10 mm,Multiple,Sq Ft,1 sq ft,208.61,187.75,239.9,Verify current GST,4,3,"Windows, partitions and façades",Suitable for standard construction applications,"Verify grade, compatibility and supplier quality before purchase",Check local supplier,India,Indicative demo/reference price,Synthetic catalog row for prototype,2026-09-16
MAT0510,Glass,Low-E Glass,Guardian Glass,Guardian Glass Low-E Glass 12 mm,https://images.unsplash.com/photo-1600566753190-17f0baa2a6c3?auto=format&fit=crop&w=900&q=80,https://www.guardianglass.com/,12 mm,Standard,12 mm,12 mm,Brown,Sq Ft,1 sq ft,602.09,541.88,692.4,Verify current GST,4,5,"Windows, partitions and façades",Suitable for standard construction applications,"Verify grade, compatibility and supplier quality before purchase",Check local supplier,India,Indicative demo/reference price,Synthetic catalog row for prototype,2026-09-16
MAT0511,Roofing,Colour Coated Sheet,Tata Shaktee,Tata Shaktee Colour Coated Sheet Standard,https://images.unsplash.com/photo-1503387762-592deb58ef4e?auto=format&fit=crop&w=900&q=80,https://www.tatasteel.com/,0.45 mm,Standard,Standard,Standard,Multiple,Sq Ft,1 sq ft,339.48,305.53,390.4,Verify current GST,4,5,Roof and shed construction,Suitable for standard construction applications,"Verify grade, compatibility and supplier quality before purchase",Check local supplier,India,Indicative demo/reference price,Synthetic catalog row for prototype,2026-09-16
MAT0512,Roofing,Fibre Cement Sheet,Everest,Everest Fibre Cement Sheet Standard,https://images.unsplash.com/photo-1503387762-592deb58ef4e?auto=format&fit=crop&w=900&q=80,https://www.everestind.com/,0.50 mm,Standard,Standard,Standard,Black,Sheet,1 sheet,330.82,297.74,380.44,Verify current GST,4,4,Roof and shed construction,Suitable for standard construction applications,"Verify grade, compatibility and supplier quality before purchase",Check local supplier,India,Indicative demo/reference price,Synthetic catalog row for prototype,2026-09-16
MAT0513,Roofing,Metal Roofing Sheet,JSW,JSW Metal Roofing Sheet Standard,https://images.unsplash.com/photo-1503387762-592deb58ef4e?auto=format&fit=crop&w=900&q=80,https://www.jsw.in/,6 mm,Standard,Standard,Standard,White,Sq Ft,1 sq ft,249.03,224.13,286.38,Verify current GST,5,5,Roof and shed construction,Suitable for standard construction applications,"Verify grade, compatibility and supplier quality before purchase",Check local supplier,India,Indicative demo/reference price,Synthetic catalog row for prototype,2026-09-16
MAT0514,Roofing,Polycarbonate Sheet,Visaka,Visaka Polycarbonate Sheet Standard,https://images.unsplash.com/photo-1503387762-592deb58ef4e?auto=format&fit=crop&w=900&q=80,https://www.visaka.co/,0.45 mm,Standard,Standard,Standard,Brown,Sheet,1 sheet,457.32,411.59,525.92,Verify current GST,5,4,Roof and shed construction,Suitable for standard construction applications,"Verify grade, compatibility and supplier quality before purchase",Check local supplier,India,Indicative demo/reference price,Synthetic catalog row for prototype,2026-09-16
MAT0515,Roofing,Colour Coated Sheet,Tata Shaktee,Tata Shaktee Colour Coated Sheet Standard,https://images.unsplash.com/photo-1503387762-592deb58ef4e?auto=format&fit=crop&w=900&q=80,https://www.tatasteel.com/,0.50 mm,Standard,Standard,Standard,Brown,Sq Ft,1 sq ft,254.23,228.81,292.36,Verify current GST,5,3,Roof and shed construction,Suitable for standard construction applications,"Verify grade, compatibility and supplier quality before purchase",Check local supplier,India,Indicative demo/reference price,Synthetic catalog row for prototype,2026-09-16
MAT0516,Roofing,Fibre Cement Sheet,Everest,Everest Fibre Cement Sheet Standard,https://images.unsplash.com/photo-1503387762-592deb58ef4e?auto=format&fit=crop&w=900&q=80,https://www.everestind.com/,6 mm,Standard,Standard,Standard,Silver,Sheet,1 sheet,428.39,385.55,492.65,Verify current GST,3,4,Roof and shed construction,Suitable for standard construction applications,"Verify grade, compatibility and supplier quality before purchase",Check local supplier,India,Indicative demo/reference price,Synthetic catalog row for prototype,2026-09-16
MAT0517,Roofing,Metal Roofing Sheet,JSW,JSW Metal Roofing Sheet Standard,https://images.unsplash.com/photo-1503387762-592deb58ef4e?auto=format&fit=crop&w=900&q=80,https://www.jsw.in/,0.45 mm,Standard,Standard,Standard,Brown,Sq Ft,1 sq ft,218.74,196.87,251.55,Verify current GST,4,4,Roof and shed construction,Suitable for standard construction applications,"Verify grade, compatibility and supplier quality before purchase",Check local supplier,India,Indicative demo/reference price,Synthetic catalog row for prototype,2026-09-16
MAT0518,Roofing,Polycarbonate Sheet,Visaka,Visaka Polycarbonate Sheet Standard,https://images.unsplash.com/photo-1503387762-592deb58ef4e?auto=format&fit=crop&w=900&q=80,https://www.visaka.co/,0.50 mm,Standard,Standard,Standard,Natural,Sheet,1 sheet,258.52,232.67,297.3,Verify current GST,4,5,Roof and shed construction,Suitable for standard construction applications,"Verify grade, compatibility and supplier quality before purchase",Check local supplier,India,Indicative demo/reference price,Synthetic catalog row for prototype,2026-09-16
MAT0519,Roofing,Colour Coated Sheet,Tata Shaktee,Tata Shaktee Colour Coated Sheet Standard,https://images.unsplash.com/photo-1503387762-592deb58ef4e?auto=format&fit=crop&w=900&q=80,https://www.tatasteel.com/,6 mm,Standard,Standard,Standard,Multiple,Sq Ft,1 sq ft,200.94,180.85,231.08,Verify current GST,5,5,Roof and shed construction,Suitable for standard construction applications,"Verify grade, compatibility and supplier quality before purchase",Check local supplier,India,Indicative demo/reference price,Synthetic catalog row for prototype,2026-09-16
MAT0520,Roofing,Fibre Cement Sheet,Everest,Everest Fibre Cement Sheet Standard,https://images.unsplash.com/photo-1503387762-592deb58ef4e?auto=format&fit=crop&w=900&q=80,https://www.everestind.com/,0.45 mm,Standard,Standard,Standard,Beige,Sheet,1 sheet,159.07,143.16,182.93,Verify current GST,4,4,Roof and shed construction,Suitable for standard construction applications,"Verify grade, compatibility and supplier quality before purchase",Check local supplier,India,Indicative demo/reference price,Synthetic catalog row for prototype,2026-09-16
MAT0521,Roofing,Metal Roofing Sheet,JSW,JSW Metal Roofing Sheet Standard,https://images.unsplash.com/photo-1503387762-592deb58ef4e?auto=format&fit=crop&w=900&q=80,https://www.jsw.in/,0.50 mm,Standard,Standard,Standard,Grey,Sq Ft,1 sq ft,418.55,376.69,481.33,Verify current GST,5,4,Roof and shed construction,Suitable for standard construction applications,"Verify grade, compatibility and supplier quality before purchase",Check local supplier,India,Indicative demo/reference price,Synthetic catalog row for prototype,2026-09-16
MAT0522,Roofing,Polycarbonate Sheet,Visaka,Visaka Polycarbonate Sheet Standard,https://images.unsplash.com/photo-1503387762-592deb58ef4e?auto=format&fit=crop&w=900&q=80,https://www.visaka.co/,6 mm,Standard,Standard,Standard,Grey,Sheet,1 sheet,326.25,293.62,375.19,Verify current GST,3,3,Roof and shed construction,Suitable for standard construction applications,"Verify grade, compatibility and supplier quality before purchase",Check local supplier,India,Indicative demo/reference price,Synthetic catalog row for prototype,2026-09-16
MAT0523,Roofing,Colour Coated Sheet,Tata Shaktee,Tata Shaktee Colour Coated Sheet Standard,https://images.unsplash.com/photo-1503387762-592deb58ef4e?auto=format&fit=crop&w=900&q=80,https://www.tatasteel.com/,0.45 mm,Standard,Standard,Standard,Beige,Sq Ft,1 sq ft,273.82,246.44,314.89,Verify current GST,4,3,Roof and shed construction,Suitable for standard construction applications,"Verify grade, compatibility and supplier quality before purchase",Check local supplier,India,Indicative demo/reference price,Synthetic catalog row for prototype,2026-09-16
MAT0524,Roofing,Fibre Cement Sheet,Everest,Everest Fibre Cement Sheet Standard,https://images.unsplash.com/photo-1503387762-592deb58ef4e?auto=format&fit=crop&w=900&q=80,https://www.everestind.com/,0.50 mm,Standard,Standard,Standard,Grey,Sheet,1 sheet,84.3,75.87,96.94,Verify current GST,5,4,Roof and shed construction,Suitable for standard construction applications,"Verify grade, compatibility and supplier quality before purchase",Check local supplier,India,Indicative demo/reference price,Synthetic catalog row for prototype,2026-09-16
MAT0525,Roofing,Metal Roofing Sheet,JSW,JSW Metal Roofing Sheet Standard,https://images.unsplash.com/photo-1503387762-592deb58ef4e?auto=format&fit=crop&w=900&q=80,https://www.jsw.in/,6 mm,Standard,Standard,Standard,Grey,Sq Ft,1 sq ft,370.38,333.34,425.94,Verify current GST,5,5,Roof and shed construction,Suitable for standard construction applications,"Verify grade, compatibility and supplier quality before purchase",Check local supplier,India,Indicative demo/reference price,Synthetic catalog row for prototype,2026-09-16
MAT0526,Roofing,Polycarbonate Sheet,Visaka,Visaka Polycarbonate Sheet Standard,https://images.unsplash.com/photo-1503387762-592deb58ef4e?auto=format&fit=crop&w=900&q=80,https://www.visaka.co/,0.45 mm,Standard,Standard,Standard,Grey,Sheet,1 sheet,83.11,74.8,95.58,Verify current GST,5,3,Roof and shed construction,Suitable for standard construction applications,"Verify grade, compatibility and supplier quality before purchase",Check local supplier,India,Indicative demo/reference price,Synthetic catalog row for prototype,2026-09-16
MAT0527,Roofing,Colour Coated Sheet,Tata Shaktee,Tata Shaktee Colour Coated Sheet Standard,https://images.unsplash.com/photo-1503387762-592deb58ef4e?auto=format&fit=crop&w=900&q=80,https://www.tatasteel.com/,0.50 mm,Standard,Standard,Standard,Grey,Sq Ft,1 sq ft,328.83,295.95,378.15,Verify current GST,4,4,Roof and shed construction,Suitable for standard construction applications,"Verify grade, compatibility and supplier quality before purchase",Check local supplier,India,Indicative demo/reference price,Synthetic catalog row for prototype,2026-09-16
MAT0528,Roofing,Fibre Cement Sheet,Everest,Everest Fibre Cement Sheet Standard,https://images.unsplash.com/photo-1503387762-592deb58ef4e?auto=format&fit=crop&w=900&q=80,https://www.everestind.com/,6 mm,Standard,Standard,Standard,White,Sheet,1 sheet,316.04,284.44,363.45,Verify current GST,5,4,Roof and shed construction,Suitable for standard construction applications,"Verify grade, compatibility and supplier quality before purchase",Check local supplier,India,Indicative demo/reference price,Synthetic catalog row for prototype,2026-09-16
MAT0529,Roofing,Metal Roofing Sheet,JSW,JSW Metal Roofing Sheet Standard,https://images.unsplash.com/photo-1503387762-592deb58ef4e?auto=format&fit=crop&w=900&q=80,https://www.jsw.in/,0.45 mm,Standard,Standard,Standard,Brown,Sq Ft,1 sq ft,511.48,460.33,588.2,Verify current GST,4,4,Roof and shed construction,Suitable for standard construction applications,"Verify grade, compatibility and supplier quality before purchase",Check local supplier,India,Indicative demo/reference price,Synthetic catalog row for prototype,2026-09-16
MAT0530,Roofing,Polycarbonate Sheet,Visaka,Visaka Polycarbonate Sheet Standard,https://images.unsplash.com/photo-1503387762-592deb58ef4e?auto=format&fit=crop&w=900&q=80,https://www.visaka.co/,0.50 mm,Standard,Standard,Standard,Black,Sheet,1 sheet,371.3,334.17,427.0,Verify current GST,4,4,Roof and shed construction,Suitable for standard construction applications,"Verify grade, compatibility and supplier quality before purchase",Check local supplier,India,Indicative demo/reference price,Synthetic catalog row for prototype,2026-09-16
MAT0531,Roofing,Colour Coated Sheet,Tata Shaktee,Tata Shaktee Colour Coated Sheet Standard,https://images.unsplash.com/photo-1503387762-592deb58ef4e?auto=format&fit=crop&w=900&q=80,https://www.tatasteel.com/,6 mm,Standard,Standard,Standard,Silver,Sq Ft,1 sq ft,453.62,408.26,521.66,Verify current GST,3,4,Roof and shed construction,Suitable for standard construction applications,"Verify grade, compatibility and supplier quality before purchase",Check local supplier,India,Indicative demo/reference price,Synthetic catalog row for prototype,2026-09-16
MAT0532,Roofing,Fibre Cement Sheet,Everest,Everest Fibre Cement Sheet Standard,https://images.unsplash.com/photo-1503387762-592deb58ef4e?auto=format&fit=crop&w=900&q=80,https://www.everestind.com/,0.45 mm,Standard,Standard,Standard,Black,Sheet,1 sheet,295.73,266.16,340.09,Verify current GST,4,4,Roof and shed construction,Suitable for standard construction applications,"Verify grade, compatibility and supplier quality before purchase",Check local supplier,India,Indicative demo/reference price,Synthetic catalog row for prototype,2026-09-16
MAT0533,Roofing,Metal Roofing Sheet,JSW,JSW Metal Roofing Sheet Standard,https://images.unsplash.com/photo-1503387762-592deb58ef4e?auto=format&fit=crop&w=900&q=80,https://www.jsw.in/,0.50 mm,Standard,Standard,Standard,White,Sq Ft,1 sq ft,401.5,361.35,461.72,Verify current GST,3,3,Roof and shed construction,Suitable for standard construction applications,"Verify grade, compatibility and supplier quality before purchase",Check local supplier,India,Indicative demo/reference price,Synthetic catalog row for prototype,2026-09-16
MAT0534,Roofing,Polycarbonate Sheet,Visaka,Visaka Polycarbonate Sheet Standard,https://images.unsplash.com/photo-1503387762-592deb58ef4e?auto=format&fit=crop&w=900&q=80,https://www.visaka.co/,6 mm,Standard,Standard,Standard,Grey,Sheet,1 sheet,270.48,243.43,311.05,Verify current GST,5,5,Roof and shed construction,Suitable for standard construction applications,"Verify grade, compatibility and supplier quality before purchase",Check local supplier,India,Indicative demo/reference price,Synthetic catalog row for prototype,2026-09-16
MAT0535,Roofing,Colour Coated Sheet,Tata Shaktee,Tata Shaktee Colour Coated Sheet Standard,https://images.unsplash.com/photo-1503387762-592deb58ef4e?auto=format&fit=crop&w=900&q=80,https://www.tatasteel.com/,0.45 mm,Standard,Standard,Standard,Multiple,Sq Ft,1 sq ft,379.27,341.34,436.16,Verify current GST,4,3,Roof and shed construction,Suitable for standard construction applications,"Verify grade, compatibility and supplier quality before purchase",Check local supplier,India,Indicative demo/reference price,Synthetic catalog row for prototype,2026-09-16
MAT0536,Roofing,Fibre Cement Sheet,Everest,Everest Fibre Cement Sheet Standard,https://images.unsplash.com/photo-1503387762-592deb58ef4e?auto=format&fit=crop&w=900&q=80,https://www.everestind.com/,0.50 mm,Standard,Standard,Standard,Grey,Sheet,1 sheet,477.31,429.58,548.91,Verify current GST,4,3,Roof and shed construction,Suitable for standard construction applications,"Verify grade, compatibility and supplier quality before purchase",Check local supplier,India,Indicative demo/reference price,Synthetic catalog row for prototype,2026-09-16
MAT0537,Roofing,Metal Roofing Sheet,JSW,JSW Metal Roofing Sheet Standard,https://images.unsplash.com/photo-1503387762-592deb58ef4e?auto=format&fit=crop&w=900&q=80,https://www.jsw.in/,6 mm,Standard,Standard,Standard,Grey,Sq Ft,1 sq ft,187.99,169.19,216.19,Verify current GST,5,4,Roof and shed construction,Suitable for standard construction applications,"Verify grade, compatibility and supplier quality before purchase",Check local supplier,India,Indicative demo/reference price,Synthetic catalog row for prototype,2026-09-16
MAT0538,Roofing,Polycarbonate Sheet,Visaka,Visaka Polycarbonate Sheet Standard,https://images.unsplash.com/photo-1503387762-592deb58ef4e?auto=format&fit=crop&w=900&q=80,https://www.visaka.co/,0.45 mm,Standard,Standard,Standard,Beige,Sheet,1 sheet,514.35,462.92,591.5,Verify current GST,4,3,Roof and shed construction,Suitable for standard construction applications,"Verify grade, compatibility and supplier quality before purchase",Check local supplier,India,Indicative demo/reference price,Synthetic catalog row for prototype,2026-09-16
MAT0539,Roofing,Colour Coated Sheet,Tata Shaktee,Tata Shaktee Colour Coated Sheet Standard,https://images.unsplash.com/photo-1503387762-592deb58ef4e?auto=format&fit=crop&w=900&q=80,https://www.tatasteel.com/,0.50 mm,Standard,Standard,Standard,Brown,Sq Ft,1 sq ft,516.52,464.87,594.0,Verify current GST,4,3,Roof and shed construction,Suitable for standard construction applications,"Verify grade, compatibility and supplier quality before purchase",Check local supplier,India,Indicative demo/reference price,Synthetic catalog row for prototype,2026-09-16
MAT0540,Roofing,Fibre Cement Sheet,Everest,Everest Fibre Cement Sheet Standard,https://images.unsplash.com/photo-1503387762-592deb58ef4e?auto=format&fit=crop&w=900&q=80,https://www.everestind.com/,6 mm,Standard,Standard,Standard,Black,Sheet,1 sheet,355.91,320.32,409.3,Verify current GST,5,3,Roof and shed construction,Suitable for standard construction applications,"Verify grade, compatibility and supplier quality before purchase",Check local supplier,India,Indicative demo/reference price,Synthetic catalog row for prototype,2026-09-16
MAT0541,Concrete Products,Ready Mix Concrete M20,UltraTech,UltraTech Ready Mix Concrete M20 Standard,https://images.unsplash.com/photo-1541888946425-d81bb19240f5?auto=format&fit=crop&w=900&q=80,https://www.ultratechcement.com/,M20,M20,Standard,,Standard,Cu M,1 cu m,5231.03,4707.93,6015.68,Verify current GST,4,5,Structural and site works,Suitable for standard construction applications,"Verify grade, compatibility and supplier quality before purchase",Check local supplier,India,Indicative demo/reference price,Synthetic catalog row for prototype,2026-09-16
MAT0542,Concrete Products,Ready Mix Concrete M25,ACC,ACC Ready Mix Concrete M25 Standard,https://images.unsplash.com/photo-1541888946425-d81bb19240f5?auto=format&fit=crop&w=900&q=80,https://www.acclimited.com/,M25,M25,Standard,,Standard,Piece,1 piece,6227.31,5604.58,7161.41,Verify current GST,4,3,Structural and site works,Suitable for standard construction applications,"Verify grade, compatibility and supplier quality before purchase",Check local supplier,India,Indicative demo/reference price,Synthetic catalog row for prototype,2026-09-16
MAT0543,Concrete Products,Ready Mix Concrete M30,Generic,Generic Ready Mix Concrete M30 Standard,https://images.unsplash.com/photo-1541888946425-d81bb19240f5?auto=format&fit=crop&w=900&q=80,,M30,M30,Standard,,Standard,Cu M,1 cu m,4741.63,4267.47,5452.87,Verify current GST,5,4,Structural and site works,Suitable for standard construction applications,"Verify grade, compatibility and supplier quality before purchase",Check local supplier,India,Indicative demo/reference price,Synthetic catalog row for prototype,2026-09-16
MAT0544,Concrete Products,Precast Slab,UltraTech,UltraTech Precast Slab Standard,https://images.unsplash.com/photo-1541888946425-d81bb19240f5?auto=format&fit=crop&w=900&q=80,https://www.ultratechcement.com/,M35,M35,Standard,,Standard,Piece,1 piece,6032.67,5429.4,6937.57,Verify current GST,5,4,Structural and site works,Suitable for standard construction applications,"Verify grade, compatibility and supplier quality before purchase",Check local supplier,India,Indicative demo/reference price,Synthetic catalog row for prototype,2026-09-16
MAT0545,Concrete Products,Kerb Stone,ACC,ACC Kerb Stone Standard,https://images.unsplash.com/photo-1541888946425-d81bb19240f5?auto=format&fit=crop&w=900&q=80,https://www.acclimited.com/,M20,M20,Standard,,Standard,Cu M,1 cu m,7353.55,6618.2,8456.58,Verify current GST,5,5,Structural and site works,Suitable for standard construction applications,"Verify grade, compatibility and supplier quality before purchase",Check local supplier,India,Indicative demo/reference price,Synthetic catalog row for prototype,2026-09-16
MAT0546,Concrete Products,Ready Mix Concrete M20,Generic,Generic Ready Mix Concrete M20 Standard,https://images.unsplash.com/photo-1541888946425-d81bb19240f5?auto=format&fit=crop&w=900&q=80,,M25,M25,Standard,,Standard,Piece,1 piece,6101.15,5491.03,7016.32,Verify current GST,5,5,Structural and site works,Suitable for standard construction applications,"Verify grade, compatibility and supplier quality before purchase",Check local supplier,India,Indicative demo/reference price,Synthetic catalog row for prototype,2026-09-16
MAT0547,Concrete Products,Ready Mix Concrete M25,UltraTech,UltraTech Ready Mix Concrete M25 Standard,https://images.unsplash.com/photo-1541888946425-d81bb19240f5?auto=format&fit=crop&w=900&q=80,https://www.ultratechcement.com/,M30,M30,Standard,,Standard,Cu M,1 cu m,7558.63,6802.77,8692.42,Verify current GST,5,3,Structural and site works,Suitable for standard construction applications,"Verify grade, compatibility and supplier quality before purchase",Check local supplier,India,Indicative demo/reference price,Synthetic catalog row for prototype,2026-09-16
MAT0548,Concrete Products,Ready Mix Concrete M30,ACC,ACC Ready Mix Concrete M30 Standard,https://images.unsplash.com/photo-1541888946425-d81bb19240f5?auto=format&fit=crop&w=900&q=80,https://www.acclimited.com/,M35,M35,Standard,,Standard,Piece,1 piece,8091.25,7282.12,9304.94,Verify current GST,3,3,Structural and site works,Suitable for standard construction applications,"Verify grade, compatibility and supplier quality before purchase",Check local supplier,India,Indicative demo/reference price,Synthetic catalog row for prototype,2026-09-16
MAT0549,Concrete Products,Precast Slab,Generic,Generic Precast Slab Standard,https://images.unsplash.com/photo-1541888946425-d81bb19240f5?auto=format&fit=crop&w=900&q=80,,M20,M20,Standard,,Standard,Cu M,1 cu m,5193.99,4674.59,5973.09,Verify current GST,4,5,Structural and site works,Suitable for standard construction applications,"Verify grade, compatibility and supplier quality before purchase",Check local supplier,India,Indicative demo/reference price,Synthetic catalog row for prototype,2026-09-16
MAT0550,Concrete Products,Kerb Stone,UltraTech,UltraTech Kerb Stone Standard,https://images.unsplash.com/photo-1541888946425-d81bb19240f5?auto=format&fit=crop&w=900&q=80,https://www.ultratechcement.com/,M25,M25,Standard,,Standard,Piece,1 piece,6123.15,5510.84,7041.62,Verify current GST,3,3,Structural and site works,Suitable for standard construction applications,"Verify grade, compatibility and supplier quality before purchase",Check local supplier,India,Indicative demo/reference price,Synthetic catalog row for prototype,2026-09-16
MAT0551,Concrete Products,Ready Mix Concrete M20,ACC,ACC Ready Mix Concrete M20 Standard,https://images.unsplash.com/photo-1541888946425-d81bb19240f5?auto=format&fit=crop&w=900&q=80,https://www.acclimited.com/,M30,M30,Standard,,Standard,Cu M,1 cu m,6501.31,5851.18,7476.51,Verify current GST,4,3,Structural and site works,Suitable for standard construction applications,"Verify grade, compatibility and supplier quality before purchase",Check local supplier,India,Indicative demo/reference price,Synthetic catalog row for prototype,2026-09-16
MAT0552,Concrete Products,Ready Mix Concrete M25,Generic,Generic Ready Mix Concrete M25 Standard,https://images.unsplash.com/photo-1541888946425-d81bb19240f5?auto=format&fit=crop&w=900&q=80,,M35,M35,Standard,,Standard,Piece,1 piece,4892.84,4403.56,5626.77,Verify current GST,5,5,Structural and site works,Suitable for standard construction applications,"Verify grade, compatibility and supplier quality before purchase",Check local supplier,India,Indicative demo/reference price,Synthetic catalog row for prototype,2026-09-16
MAT0553,Concrete Products,Ready Mix Concrete M30,UltraTech,UltraTech Ready Mix Concrete M30 Standard,https://images.unsplash.com/photo-1541888946425-d81bb19240f5?auto=format&fit=crop&w=900&q=80,https://www.ultratechcement.com/,M20,M20,Standard,,Standard,Cu M,1 cu m,4964.82,4468.34,5709.54,Verify current GST,3,4,Structural and site works,Suitable for standard construction applications,"Verify grade, compatibility and supplier quality before purchase",Check local supplier,India,Indicative demo/reference price,Synthetic catalog row for prototype,2026-09-16
MAT0554,Concrete Products,Precast Slab,ACC,ACC Precast Slab Standard,https://images.unsplash.com/photo-1541888946425-d81bb19240f5?auto=format&fit=crop&w=900&q=80,https://www.acclimited.com/,M25,M25,Standard,,Standard,Piece,1 piece,7186.16,6467.54,8264.08,Verify current GST,4,5,Structural and site works,Suitable for standard construction applications,"Verify grade, compatibility and supplier quality before purchase",Check local supplier,India,Indicative demo/reference price,Synthetic catalog row for prototype,2026-09-16
MAT0555,Concrete Products,Kerb Stone,Generic,Generic Kerb Stone Standard,https://images.unsplash.com/photo-1541888946425-d81bb19240f5?auto=format&fit=crop&w=900&q=80,,M30,M30,Standard,,Standard,Cu M,1 cu m,5813.31,5231.98,6685.31,Verify current GST,5,3,Structural and site works,Suitable for standard construction applications,"Verify grade, compatibility and supplier quality before purchase",Check local supplier,India,Indicative demo/reference price,Synthetic catalog row for prototype,2026-09-16
MAT0556,Concrete Products,Ready Mix Concrete M20,UltraTech,UltraTech Ready Mix Concrete M20 Standard,https://images.unsplash.com/photo-1541888946425-d81bb19240f5?auto=format&fit=crop&w=900&q=80,https://www.ultratechcement.com/,M35,M35,Standard,,Standard,Piece,1 piece,7073.82,6366.44,8134.89,Verify current GST,4,5,Structural and site works,Suitable for standard construction applications,"Verify grade, compatibility and supplier quality before purchase",Check local supplier,India,Indicative demo/reference price,Synthetic catalog row for prototype,2026-09-16
MAT0557,Concrete Products,Ready Mix Concrete M25,ACC,ACC Ready Mix Concrete M25 Standard,https://images.unsplash.com/photo-1541888946425-d81bb19240f5?auto=format&fit=crop&w=900&q=80,https://www.acclimited.com/,M20,M20,Standard,,Standard,Cu M,1 cu m,5124.78,4612.3,5893.5,Verify current GST,4,4,Structural and site works,Suitable for standard construction applications,"Verify grade, compatibility and supplier quality before purchase",Check local supplier,India,Indicative demo/reference price,Synthetic catalog row for prototype,2026-09-16
MAT0558,Concrete Products,Ready Mix Concrete M30,Generic,Generic Ready Mix Concrete M30 Standard,https://images.unsplash.com/photo-1541888946425-d81bb19240f5?auto=format&fit=crop&w=900&q=80,,M25,M25,Standard,,Standard,Piece,1 piece,5156.71,4641.04,5930.22,Verify current GST,4,5,Structural and site works,Suitable for standard construction applications,"Verify grade, compatibility and supplier quality before purchase",Check local supplier,India,Indicative demo/reference price,Synthetic catalog row for prototype,2026-09-16
MAT0559,Concrete Products,Precast Slab,UltraTech,UltraTech Precast Slab Standard,https://images.unsplash.com/photo-1541888946425-d81bb19240f5?auto=format&fit=crop&w=900&q=80,https://www.ultratechcement.com/,M30,M30,Standard,,Standard,Cu M,1 cu m,6394.96,5755.46,7354.2,Verify current GST,5,3,Structural and site works,Suitable for standard construction applications,"Verify grade, compatibility and supplier quality before purchase",Check local supplier,India,Indicative demo/reference price,Synthetic catalog row for prototype,2026-09-16
MAT0560,Concrete Products,Kerb Stone,ACC,ACC Kerb Stone Standard,https://images.unsplash.com/photo-1541888946425-d81bb19240f5?auto=format&fit=crop&w=900&q=80,https://www.acclimited.com/,M35,M35,Standard,,Standard,Piece,1 piece,5632.65,5069.39,6477.55,Verify current GST,4,5,Structural and site works,Suitable for standard construction applications,"Verify grade, compatibility and supplier quality before purchase",Check local supplier,India,Indicative demo/reference price,Synthetic catalog row for prototype,2026-09-16
MAT0561,Concrete Products,Ready Mix Concrete M20,Generic,Generic Ready Mix Concrete M20 Standard,https://images.unsplash.com/photo-1541888946425-d81bb19240f5?auto=format&fit=crop&w=900&q=80,,M20,M20,Standard,,Standard,Cu M,1 cu m,6560.38,5904.34,7544.44,Verify current GST,4,4,Structural and site works,Suitable for standard construction applications,"Verify grade, compatibility and supplier quality before purchase",Check local supplier,India,Indicative demo/reference price,Synthetic catalog row for prototype,2026-09-16
MAT0562,Concrete Products,Ready Mix Concrete M25,UltraTech,UltraTech Ready Mix Concrete M25 Standard,https://images.unsplash.com/photo-1541888946425-d81bb19240f5?auto=format&fit=crop&w=900&q=80,https://www.ultratechcement.com/,M25,M25,Standard,,Standard,Piece,1 piece,8769.71,7892.74,10085.17,Verify current GST,4,5,Structural and site works,Suitable for standard construction applications,"Verify grade, compatibility and supplier quality before purchase",Check local supplier,India,Indicative demo/reference price,Synthetic catalog row for prototype,2026-09-16
MAT0563,Concrete Products,Ready Mix Concrete M30,ACC,ACC Ready Mix Concrete M30 Standard,https://images.unsplash.com/photo-1541888946425-d81bb19240f5?auto=format&fit=crop&w=900&q=80,https://www.acclimited.com/,M30,M30,Standard,,Standard,Cu M,1 cu m,6481.0,5832.9,7453.15,Verify current GST,5,4,Structural and site works,Suitable for standard construction applications,"Verify grade, compatibility and supplier quality before purchase",Check local supplier,India,Indicative demo/reference price,Synthetic catalog row for prototype,2026-09-16
MAT0564,Concrete Products,Precast Slab,Generic,Generic Precast Slab Standard,https://images.unsplash.com/photo-1541888946425-d81bb19240f5?auto=format&fit=crop&w=900&q=80,,M35,M35,Standard,,Standard,Piece,1 piece,5942.99,5348.69,6834.44,Verify current GST,4,5,Structural and site works,Suitable for standard construction applications,"Verify grade, compatibility and supplier quality before purchase",Check local supplier,India,Indicative demo/reference price,Synthetic catalog row for prototype,2026-09-16
MAT0565,Concrete Products,Kerb Stone,UltraTech,UltraTech Kerb Stone Standard,https://images.unsplash.com/photo-1541888946425-d81bb19240f5?auto=format&fit=crop&w=900&q=80,https://www.ultratechcement.com/,M20,M20,Standard,,Standard,Cu M,1 cu m,5299.37,4769.43,6094.28,Verify current GST,5,4,Structural and site works,Suitable for standard construction applications,"Verify grade, compatibility and supplier quality before purchase",Check local supplier,India,Indicative demo/reference price,Synthetic catalog row for prototype,2026-09-16
MAT0566,Concrete Products,Ready Mix Concrete M20,ACC,ACC Ready Mix Concrete M20 Standard,https://images.unsplash.com/photo-1541888946425-d81bb19240f5?auto=format&fit=crop&w=900&q=80,https://www.acclimited.com/,M25,M25,Standard,,Standard,Piece,1 piece,7806.93,7026.24,8977.97,Verify current GST,5,4,Structural and site works,Suitable for standard construction applications,"Verify grade, compatibility and supplier quality before purchase",Check local supplier,India,Indicative demo/reference price,Synthetic catalog row for prototype,2026-09-16
MAT0567,Concrete Products,Ready Mix Concrete M25,Generic,Generic Ready Mix Concrete M25 Standard,https://images.unsplash.com/photo-1541888946425-d81bb19240f5?auto=format&fit=crop&w=900&q=80,,M30,M30,Standard,,Standard,Cu M,1 cu m,6192.25,5573.03,7121.09,Verify current GST,5,4,Structural and site works,Suitable for standard construction applications,"Verify grade, compatibility and supplier quality before purchase",Check local supplier,India,Indicative demo/reference price,Synthetic catalog row for prototype,2026-09-16
MAT0568,Concrete Products,Ready Mix Concrete M30,UltraTech,UltraTech Ready Mix Concrete M30 Standard,https://images.unsplash.com/photo-1541888946425-d81bb19240f5?auto=format&fit=crop&w=900&q=80,https://www.ultratechcement.com/,M35,M35,Standard,,Standard,Piece,1 piece,8694.3,7824.87,9998.44,Verify current GST,4,4,Structural and site works,Suitable for standard construction applications,"Verify grade, compatibility and supplier quality before purchase",Check local supplier,India,Indicative demo/reference price,Synthetic catalog row for prototype,2026-09-16
MAT0569,Concrete Products,Precast Slab,ACC,ACC Precast Slab Standard,https://images.unsplash.com/photo-1541888946425-d81bb19240f5?auto=format&fit=crop&w=900&q=80,https://www.acclimited.com/,M20,M20,Standard,,Standard,Cu M,1 cu m,8788.52,7909.67,10106.8,Verify current GST,5,4,Structural and site works,Suitable for standard construction applications,"Verify grade, compatibility and supplier quality before purchase",Check local supplier,India,Indicative demo/reference price,Synthetic catalog row for prototype,2026-09-16
MAT0570,Concrete Products,Kerb Stone,Generic,Generic Kerb Stone Standard,https://images.unsplash.com/photo-1541888946425-d81bb19240f5?auto=format&fit=crop&w=900&q=80,,M25,M25,Standard,,Standard,Piece,1 piece,8089.58,7280.62,9303.02,Verify current GST,3,5,Structural and site works,Suitable for standard construction applications,"Verify grade, compatibility and supplier quality before purchase",Check local supplier,India,Indicative demo/reference price,Synthetic catalog row for prototype,2026-09-16
